CREATE DATABASE  IF NOT EXISTS `manonthemoon` /*!40100 DEFAULT CHARACTER SET utf8mb4 COLLATE utf8mb4_0900_ai_ci */ /*!80016 DEFAULT ENCRYPTION='N' */;
USE `manonthemoon`;
-- MySQL dump 10.13  Distrib 8.0.21, for Win64 (x86_64)
--
-- Host: 127.0.0.1    Database: manonthemoon
-- ------------------------------------------------------
-- Server version	8.0.21

/*!40101 SET @OLD_CHARACTER_SET_CLIENT=@@CHARACTER_SET_CLIENT */;
/*!40101 SET @OLD_CHARACTER_SET_RESULTS=@@CHARACTER_SET_RESULTS */;
/*!40101 SET @OLD_COLLATION_CONNECTION=@@COLLATION_CONNECTION */;
/*!50503 SET NAMES utf8 */;
/*!40103 SET @OLD_TIME_ZONE=@@TIME_ZONE */;
/*!40103 SET TIME_ZONE='+00:00' */;
/*!40014 SET @OLD_UNIQUE_CHECKS=@@UNIQUE_CHECKS, UNIQUE_CHECKS=0 */;
/*!40014 SET @OLD_FOREIGN_KEY_CHECKS=@@FOREIGN_KEY_CHECKS, FOREIGN_KEY_CHECKS=0 */;
/*!40101 SET @OLD_SQL_MODE=@@SQL_MODE, SQL_MODE='NO_AUTO_VALUE_ON_ZERO' */;
/*!40111 SET @OLD_SQL_NOTES=@@SQL_NOTES, SQL_NOTES=0 */;

--
-- Table structure for table `players`
--

DROP TABLE IF EXISTS `players`;
/*!40101 SET @saved_cs_client     = @@character_set_client */;
/*!50503 SET character_set_client = utf8mb4 */;
CREATE TABLE `players` (
  `PlayerId` varchar(20) NOT NULL,
  `Name` varchar(45) DEFAULT NULL,
  `TimeRegistered` datetime DEFAULT NULL,
  PRIMARY KEY (`PlayerId`),
  UNIQUE KEY `PlayerId_UNIQUE` (`PlayerId`)
) ENGINE=InnoDB DEFAULT CHARSET=utf8mb4 COLLATE=utf8mb4_0900_ai_ci;
/*!40101 SET character_set_client = @saved_cs_client */;

--
-- Dumping data for table `players`
--

LOCK TABLES `players` WRITE;
/*!40000 ALTER TABLE `players` DISABLE KEYS */;
INSERT INTO `players` VALUES ('bu2hhrti7nd0md7faom0','Avery Williams','2020-10-13 03:03:12'),('bu2hhrti7nd0md7faosg','James Taylor','2020-10-13 03:03:12'),('bu2hhrti7nd0md7fap30','Noah Taylor','2020-10-13 03:03:12'),('bu2hhrti7nd0md7fap9g','Zoey Smith','2020-10-13 03:03:12'),('bu2hhrti7nd0md7fapg0','Avery Anderson','2020-10-13 03:03:12'),('bu2hhs5i7nd0md7fapmg','Ava Williams','2020-10-13 03:03:12'),('bu2hhs5i7nd0md7fapt0','Anthony Harris','2020-10-13 03:03:12'),('bu2hhs5i7nd0md7faq3g','Jayden Thompson','2020-10-13 03:03:12'),('bu2hhs5i7nd0md7faqa0','Alexander Jones','2020-10-13 03:03:12'),('bu2hhs5i7nd0md7faqgg','Emma Harris','2020-10-13 03:03:12'),('bu2hhs5i7nd0md7faqn0','Sofia Thomas','2020-10-13 03:03:12'),('bu2hhs5i7nd0md7faqo0','Jayden Thompson','2020-10-13 03:03:12'),('bu2hhs5i7nd0md7faqp0','Madison Taylor','2020-10-13 03:03:12'),('bu2hhs5i7nd0md7faqq0','Ella Martin','2020-10-13 03:03:12'),('bu2hhs5i7nd0md7faqr0','James Brown','2020-10-13 03:03:12'),('bu2hhs5i7nd0md7faqs0','Alexander Harris','2020-10-13 03:03:12'),('bu2hhs5i7nd0md7faqt0','Elijah Smith','2020-10-13 03:03:12'),('bu2hhs5i7nd0md7faqu0','Elizabeth Johnson','2020-10-13 03:03:12'),('bu2hhs5i7nd0md7faqv0','William Taylor','2020-10-13 03:03:12'),('bu2hhs5i7nd0md7far00','Mia Williams','2020-10-13 03:03:12'),('bu2hhtti7nd3jf31oel0','Lily Jackson','2020-10-13 03:03:19'),('bu2hhtti7nd3jf31oerg','Joseph Jackson','2020-10-13 03:03:19'),('bu2hhtti7nd3jf31of20','Joshua Anderson','2020-10-13 03:03:19'),('bu2hhtti7nd3jf31of8g','Ella Thomas','2020-10-13 03:03:19'),('bu2hhtti7nd3jf31off0','Ava Garcia','2020-10-13 03:03:19'),('bu2hhtti7nd3jf31oflg','Addison Johnson','2020-10-13 03:03:19'),('bu2hhtti7nd3jf31ofs0','Jacob Williams','2020-10-13 03:03:20'),('bu2hhtti7nd3jf31og2g','William Smith','2020-10-13 03:03:20'),('bu2hhtti7nd3jf31og90','Ethan Brown','2020-10-13 03:03:20'),('bu2hhtti7nd3jf31ogfg','Lily Garcia','2020-10-13 03:03:20'),('bu2hhtti7nd3jf31ogm0','Natalie Martinez','2020-10-13 03:03:20'),('bu2hhtti7nd3jf31ogn0','Mason Robinson','2020-10-13 03:03:20'),('bu2hhtti7nd3jf31ogo0','Avery Miller','2020-10-13 03:03:20'),('bu2hhtti7nd3jf31ogp0','Lily Wilson','2020-10-13 03:03:20'),('bu2hhtti7nd3jf31ogq0','Mason White','2020-10-13 03:03:20'),('bu2hhtti7nd3jf31ogr0','Andrew Davis','2020-10-13 03:03:20'),('bu2hhtti7nd3jf31ogs0','Joshua Taylor','2020-10-13 03:03:20'),('bu2hhtti7nd3jf31ogt0','Ava Thompson','2020-10-13 03:03:20'),('bu2hhtti7nd3jf31ogu0','Alexander Moore','2020-10-13 03:03:20'),('bu2hhtti7nd3jf31ogv0','Sophia Jackson','2020-10-13 03:03:20'),('bu2hi0li7nd0j33agcj0','Chloe Taylor','2020-10-13 03:03:30'),('bu2hi0li7nd0j33agcpg','Anthony Davis','2020-10-13 03:03:30'),('bu2hi0li7nd0j33agd00','Mason Martinez','2020-10-13 03:03:30'),('bu2hi0li7nd0j33agd6g','Elizabeth Taylor','2020-10-13 03:03:31'),('bu2hi0li7nd0j33agdd0','Ava Martin','2020-10-13 03:03:31'),('bu2hi0li7nd0j33agdjg','Emily Smith','2020-10-13 03:03:31'),('bu2hi0li7nd0j33agdq0','Alexander Harris','2020-10-13 03:03:31'),('bu2hi0li7nd0j33age0g','David Jackson','2020-10-13 03:03:31'),('bu2hi0li7nd0j33age70','Elijah Smith','2020-10-13 03:03:31'),('bu2hi0li7nd0j33agedg','Aubrey Taylor','2020-10-13 03:03:31'),('bu2hi0ti7nd0j33agek0','Mia Thomas','2020-10-13 03:03:31'),('bu2hi0ti7nd0j33agel0','Jacob Garcia','2020-10-13 03:03:31'),('bu2hi0ti7nd0j33agem0','Mia Moore','2020-10-13 03:03:31'),('bu2hi0ti7nd0j33agen0','Olivia Moore','2020-10-13 03:03:31'),('bu2hi0ti7nd0j33ageo0','Aiden Garcia','2020-10-13 03:03:31'),('bu2hi0ti7nd0j33agep0','Ethan Robinson','2020-10-13 03:03:31'),('bu2hi0ti7nd0j33ageq0','Jayden Thompson','2020-10-13 03:03:31'),('bu2hi0ti7nd0j33ager0','Aubrey Brown','2020-10-13 03:03:31'),('bu2hi0ti7nd0j33ages0','Andrew Davis','2020-10-13 03:03:31'),('bu2hi0ti7nd0j33aget0','Madison Garcia','2020-10-13 03:03:31'),('bu2hilli7nd3s22bpckg','Zoey Moore','2020-10-13 03:04:55'),('bu2hilli7nd3s22bpcr0','James Harris','2020-10-13 03:04:55'),('bu2hilli7nd3s22bpd1g','Elijah Garcia','2020-10-13 03:04:55'),('bu2hilti7nd3s22bpd80','Charlotte Smith','2020-10-13 03:04:55'),('bu2hilti7nd3s22bpdeg','Addison Thompson','2020-10-13 03:04:55'),('bu2hilti7nd3s22bpdl0','Charlotte Jones','2020-10-13 03:04:55'),('bu2hilti7nd3s22bpdrg','Alexander Anderson','2020-10-13 03:04:55'),('bu2hilti7nd3s22bpe20','Jayden Johnson','2020-10-13 03:04:55'),('bu2hilti7nd3s22bpe8g','Alexander Garcia','2020-10-13 03:04:55'),('bu2hilti7nd3s22bpef0','Zoey White','2020-10-13 03:04:56'),('bu2hilti7nd3s22bpelg','Avery Davis','2020-10-13 03:04:56'),('bu2hilti7nd3s22bpemg','Noah Davis','2020-10-13 03:04:56'),('bu2hilti7nd3s22bpeng','Mia Martinez','2020-10-13 03:04:56'),('bu2hilti7nd3s22bpeog','Zoey Taylor','2020-10-13 03:04:56'),('bu2hilti7nd3s22bpepg','Liam Brown','2020-10-13 03:04:56'),('bu2hilti7nd3s22bpeqg','Matthew Harris','2020-10-13 03:04:56'),('bu2hilti7nd3s22bperg','David Moore','2020-10-13 03:04:56'),('bu2hilti7nd3s22bpesg','Chloe Smith','2020-10-13 03:04:56'),('bu2hilti7nd3s22bpetg','Anthony Smith','2020-10-13 03:04:56'),('bu2hilti7nd3s22bpeug','Lily Robinson','2020-10-13 03:04:56');
/*!40000 ALTER TABLE `players` ENABLE KEYS */;
UNLOCK TABLES;

--
-- Table structure for table `sessionratings`
--

DROP TABLE IF EXISTS `sessionratings`;
/*!40101 SET @saved_cs_client     = @@character_set_client */;
/*!50503 SET character_set_client = utf8mb4 */;
CREATE TABLE `sessionratings` (
  `SessionId` varchar(20) NOT NULL,
  `PlayerId` varchar(20) NOT NULL,
  `Rating` decimal(2,0) DEFAULT NULL,
  `Comment` varchar(512) DEFAULT NULL,
  `TimeSubmitted` datetime DEFAULT NULL,
  PRIMARY KEY (`SessionId`,`PlayerId`),
  UNIQUE KEY `SessionId_UNIQUE` (`SessionId`,`PlayerId`)
) ENGINE=InnoDB DEFAULT CHARSET=utf8mb4 COLLATE=utf8mb4_0900_ai_ci;
/*!40101 SET character_set_client = @saved_cs_client */;

--
-- Dumping data for table `sessionratings`
--

LOCK TABLES `sessionratings` WRITE;
/*!40000 ALTER TABLE `sessionratings` DISABLE KEYS */;
INSERT INTO `sessionratings` VALUES ('bu2hhrti7nd0md7faomg','bu2hhrti7nd0md7faom0',3,'I protest, even warmly, that neither he nor his sorrows were in my intention.','2020-10-13 03:03:12'),('bu2hhrti7nd0md7faon0','bu2hhrti7nd0md7faom0',5,'One dog rolled before him, well-nigh slashed in half; but a second had him by the thigh, a third gripped his collar be- hind, and a fourth had the blade of the sword between its teeth, tasting its own blood.','2020-10-13 03:03:12'),('bu2hhrti7nd0md7faong','bu2hhrti7nd0md7faom0',2,'The Nellie, a cruising yawl, swung to her anchor without a flutter of the sails, and was at rest.','2020-10-13 03:03:12'),('bu2hhrti7nd0md7faoo0','bu2hhrti7nd0md7faom0',4,'It was at this time that the meeting, or, rather gathering of the mem- bers of this inharmonious family took place in the cell of the elder who had such an extraordinary influence on Alyosha.','2020-10-13 03:03:12'),('bu2hhrti7nd0md7faoog','bu2hhrti7nd0md7faom0',1,'Have I come to Utopia to hear this sort of thing?','2020-10-13 03:03:12'),('bu2hhrti7nd0md7faop0','bu2hhrti7nd0md7faom0',1,'One dog rolled before him, well-nigh slashed in half; but a second had him by the thigh, a third gripped his collar be- hind, and a fourth had the blade of the sword between its teeth, tasting its own blood.','2020-10-13 03:03:12'),('bu2hhrti7nd0md7faopg','bu2hhrti7nd0md7faom0',2,'And with that he went off to see my father, taking me with him by the arm.','2020-10-13 03:03:12'),('bu2hhrti7nd0md7faoq0','bu2hhrti7nd0md7faom0',1,'It is a truth universally acknowledged, that a single man in possession of a good fortune, must be in want of a wife.','2020-10-13 03:03:12'),('bu2hhrti7nd0md7faoqg','bu2hhrti7nd0md7faom0',5,'It is a truth universally acknowledged, that a single man in possession of a good fortune, must be in want of a wife.','2020-10-13 03:03:12'),('bu2hhrti7nd0md7faor0','bu2hhrti7nd0md7faom0',2,'I protest, even warmly, that neither he nor his sorrows were in my intention.','2020-10-13 03:03:12'),('bu2hhrti7nd0md7faorg','bu2hhrti7nd0md7faom0',3,'I protest, even warmly, that neither he nor his sorrows were in my intention.','2020-10-13 03:03:12'),('bu2hhrti7nd0md7faos0','bu2hhrti7nd0md7faom0',5,'I am all in a sea of wonders. I doubt; I fear; I think strange things, which I dare not confess to my own soul. God keep me, if only for the sake of those dear to me!','2020-10-13 03:03:12'),('bu2hhrti7nd0md7faot0','bu2hhrti7nd0md7faosg',5,'It was at this time that the meeting, or, rather gathering of the mem- bers of this inharmonious family took place in the cell of the elder who had such an extraordinary influence on Alyosha.','2020-10-13 03:03:12'),('bu2hhrti7nd0md7faotg','bu2hhrti7nd0md7faosg',2,'I protest, even warmly, that neither he nor his sorrows were in my intention.','2020-10-13 03:03:12'),('bu2hhrti7nd0md7faou0','bu2hhrti7nd0md7faosg',1,'The sun set; the dusk fell on the stream, and lights began to appear along the shore. The Chapman light–house, a three–legged thing erect on a mud–flat, shone strongly.','2020-10-13 03:03:12'),('bu2hhrti7nd0md7faoug','bu2hhrti7nd0md7faosg',3,'It was at this time that the meeting, or, rather gathering of the mem- bers of this inharmonious family took place in the cell of the elder who had such an extraordinary influence on Alyosha.','2020-10-13 03:03:12'),('bu2hhrti7nd0md7faov0','bu2hhrti7nd0md7faosg',2,'He spoke of the happiness that was now certainly theirs, of the folly of not breaking sooner out of that magnificent prison of latter-day life, of the old romantic days that had passed from the world for ever.','2020-10-13 03:03:12'),('bu2hhrti7nd0md7faovg','bu2hhrti7nd0md7faosg',1,'He completely abandoned the child of his marriage with Adelaida Ivanovna, not from malice, nor because of his matrimoni- al grievances, but simply because he forgot him.','2020-10-13 03:03:12'),('bu2hhrti7nd0md7fap00','bu2hhrti7nd0md7faosg',2,'One dog rolled before him, well-nigh slashed in half; but a second had him by the thigh, a third gripped his collar be- hind, and a fourth had the blade of the sword between its teeth, tasting its own blood.','2020-10-13 03:03:12'),('bu2hhrti7nd0md7fap0g','bu2hhrti7nd0md7faosg',4,'Then followed a battle of looks between them, but the captain soon knuckled under, put up his weapon, and resumed his seat, grumbling like a beaten dog.','2020-10-13 03:03:12'),('bu2hhrti7nd0md7fap10','bu2hhrti7nd0md7faosg',4,'It is no doubt an optimistic enterprise. But it is good for awhile to be free from the carping note that must needs be audible when we discuss our present imperfections, to release ourselves from practical difficulties and the tangle of ways and means. It is good to stop by the track for a space, put aside the knapsack, wipe the brows, and talk a little of the upper slopes of the mountain we think we are climbing, would but the trees let us see it','2020-10-13 03:03:12'),('bu2hhrti7nd0md7fap1g','bu2hhrti7nd0md7faosg',3,'One dog rolled before him, well-nigh slashed in half; but a second had him by the thigh, a third gripped his collar be- hind, and a fourth had the blade of the sword between its teeth, tasting its own blood.','2020-10-13 03:03:12'),('bu2hhrti7nd0md7fap20','bu2hhrti7nd0md7faosg',3,'Then followed a battle of looks between them, but the captain soon knuckled under, put up his weapon, and resumed his seat, grumbling like a beaten dog.','2020-10-13 03:03:12'),('bu2hhrti7nd0md7fap2g','bu2hhrti7nd0md7faosg',3,'I am all in a sea of wonders. I doubt; I fear; I think strange things, which I dare not confess to my own soul. God keep me, if only for the sake of those dear to me!','2020-10-13 03:03:12'),('bu2hhrti7nd0md7fap3g','bu2hhrti7nd0md7fap30',1,'I protest, even warmly, that neither he nor his sorrows were in my intention.','2020-10-13 03:03:12'),('bu2hhrti7nd0md7fap40','bu2hhrti7nd0md7fap30',1,'He spoke of the happiness that was now certainly theirs, of the folly of not breaking sooner out of that magnificent prison of latter-day life, of the old romantic days that had passed from the world for ever.','2020-10-13 03:03:12'),('bu2hhrti7nd0md7fap4g','bu2hhrti7nd0md7fap30',2,'He spoke of the happiness that was now certainly theirs, of the folly of not breaking sooner out of that magnificent prison of latter-day life, of the old romantic days that had passed from the world for ever.','2020-10-13 03:03:12'),('bu2hhrti7nd0md7fap50','bu2hhrti7nd0md7fap30',4,'It was at this time that the meeting, or, rather gathering of the mem- bers of this inharmonious family took place in the cell of the elder who had such an extraordinary influence on Alyosha.','2020-10-13 03:03:12'),('bu2hhrti7nd0md7fap5g','bu2hhrti7nd0md7fap30',3,'I protest, even warmly, that neither he nor his sorrows were in my intention.','2020-10-13 03:03:12'),('bu2hhrti7nd0md7fap60','bu2hhrti7nd0md7fap30',2,'But what sort of language would we have the world speak, if we were told the miracle of Babel was presently to be reversed?','2020-10-13 03:03:12'),('bu2hhrti7nd0md7fap6g','bu2hhrti7nd0md7fap30',5,'I am all in a sea of wonders. I doubt; I fear; I think strange things, which I dare not confess to my own soul. God keep me, if only for the sake of those dear to me!','2020-10-13 03:03:12'),('bu2hhrti7nd0md7fap70','bu2hhrti7nd0md7fap30',2,'But what sort of language would we have the world speak, if we were told the miracle of Babel was presently to be reversed?','2020-10-13 03:03:12'),('bu2hhrti7nd0md7fap7g','bu2hhrti7nd0md7fap30',3,'But what sort of language would we have the world speak, if we were told the miracle of Babel was presently to be reversed?','2020-10-13 03:03:12'),('bu2hhrti7nd0md7fap80','bu2hhrti7nd0md7fap30',2,'Then followed a battle of looks between them, but the captain soon knuckled under, put up his weapon, and resumed his seat, grumbling like a beaten dog.','2020-10-13 03:03:12'),('bu2hhrti7nd0md7fap8g','bu2hhrti7nd0md7fap30',1,'He spoke of the happiness that was now certainly theirs, of the folly of not breaking sooner out of that magnificent prison of latter-day life, of the old romantic days that had passed from the world for ever.','2020-10-13 03:03:12'),('bu2hhrti7nd0md7fap90','bu2hhrti7nd0md7fap30',2,'The sun set; the dusk fell on the stream, and lights began to appear along the shore. The Chapman light–house, a three–legged thing erect on a mud–flat, shone strongly.','2020-10-13 03:03:12'),('bu2hhrti7nd0md7fapa0','bu2hhrti7nd0md7fap9g',1,'I am all in a sea of wonders. I doubt; I fear; I think strange things, which I dare not confess to my own soul. God keep me, if only for the sake of those dear to me!','2020-10-13 03:03:12'),('bu2hhrti7nd0md7fapag','bu2hhrti7nd0md7fap9g',5,'He spoke of the happiness that was now certainly theirs, of the folly of not breaking sooner out of that magnificent prison of latter-day life, of the old romantic days that had passed from the world for ever.','2020-10-13 03:03:12'),('bu2hhrti7nd0md7fapb0','bu2hhrti7nd0md7fap9g',4,'But what sort of language would we have the world speak, if we were told the miracle of Babel was presently to be reversed?','2020-10-13 03:03:12'),('bu2hhrti7nd0md7fapbg','bu2hhrti7nd0md7fap9g',4,'Then followed a battle of looks between them, but the captain soon knuckled under, put up his weapon, and resumed his seat, grumbling like a beaten dog.','2020-10-13 03:03:12'),('bu2hhrti7nd0md7fapc0','bu2hhrti7nd0md7fap9g',3,'And with that he went off to see my father, taking me with him by the arm.','2020-10-13 03:03:12'),('bu2hhrti7nd0md7fapcg','bu2hhrti7nd0md7fap9g',4,'But what sort of language would we have the world speak, if we were told the miracle of Babel was presently to be reversed?','2020-10-13 03:03:12'),('bu2hhrti7nd0md7fapd0','bu2hhrti7nd0md7fap9g',5,'It is no doubt an optimistic enterprise. But it is good for awhile to be free from the carping note that must needs be audible when we discuss our present imperfections, to release ourselves from practical difficulties and the tangle of ways and means. It is good to stop by the track for a space, put aside the knapsack, wipe the brows, and talk a little of the upper slopes of the mountain we think we are climbing, would but the trees let us see it','2020-10-13 03:03:12'),('bu2hhrti7nd0md7fapdg','bu2hhrti7nd0md7fap9g',5,'It is a truth universally acknowledged, that a single man in possession of a good fortune, must be in want of a wife.','2020-10-13 03:03:12'),('bu2hhrti7nd0md7fape0','bu2hhrti7nd0md7fap9g',4,'Near it in the field, I remember, were three faint points of light, three telescopic stars infinitely remote, and all around it was the unfathomable darkness of empty space.','2020-10-13 03:03:12'),('bu2hhrti7nd0md7fapeg','bu2hhrti7nd0md7fap9g',3,'Then followed a battle of looks between them, but the captain soon knuckled under, put up his weapon, and resumed his seat, grumbling like a beaten dog.','2020-10-13 03:03:12'),('bu2hhrti7nd0md7fapf0','bu2hhrti7nd0md7fap9g',2,'The Nellie, a cruising yawl, swung to her anchor without a flutter of the sails, and was at rest.','2020-10-13 03:03:12'),('bu2hhrti7nd0md7fapfg','bu2hhrti7nd0md7fap9g',5,'It is no doubt an optimistic enterprise. But it is good for awhile to be free from the carping note that must needs be audible when we discuss our present imperfections, to release ourselves from practical difficulties and the tangle of ways and means. It is good to stop by the track for a space, put aside the knapsack, wipe the brows, and talk a little of the upper slopes of the mountain we think we are climbing, would but the trees let us see it','2020-10-13 03:03:12'),('bu2hhrti7nd0md7fapgg','bu2hhrti7nd0md7fapg0',1,'He spoke of the happiness that was now certainly theirs, of the folly of not breaking sooner out of that magnificent prison of latter-day life, of the old romantic days that had passed from the world for ever.','2020-10-13 03:03:12'),('bu2hhrti7nd0md7faph0','bu2hhrti7nd0md7fapg0',1,'One dog rolled before him, well-nigh slashed in half; but a second had him by the thigh, a third gripped his collar be- hind, and a fourth had the blade of the sword between its teeth, tasting its own blood.','2020-10-13 03:03:12'),('bu2hhrti7nd0md7faphg','bu2hhrti7nd0md7fapg0',4,'Near it in the field, I remember, were three faint points of light, three telescopic stars infinitely remote, and all around it was the unfathomable darkness of empty space.','2020-10-13 03:03:12'),('bu2hhrti7nd0md7fapi0','bu2hhrti7nd0md7fapg0',4,'And with that he went off to see my father, taking me with him by the arm.','2020-10-13 03:03:12'),('bu2hhrti7nd0md7fapig','bu2hhrti7nd0md7fapg0',4,'She stared at him in astonishment, and as she read something of the significant hieroglyphic of his battered face, her lips whitened.','2020-10-13 03:03:12'),('bu2hhs5i7nd0md7fapj0','bu2hhrti7nd0md7fapg0',1,'He spoke of the happiness that was now certainly theirs, of the folly of not breaking sooner out of that magnificent prison of latter-day life, of the old romantic days that had passed from the world for ever.','2020-10-13 03:03:12'),('bu2hhs5i7nd0md7fapjg','bu2hhrti7nd0md7fapg0',2,'It is a truth universally acknowledged, that a single man in possession of a good fortune, must be in want of a wife.','2020-10-13 03:03:12'),('bu2hhs5i7nd0md7fapk0','bu2hhrti7nd0md7fapg0',1,'Near it in the field, I remember, were three faint points of light, three telescopic stars infinitely remote, and all around it was the unfathomable darkness of empty space.','2020-10-13 03:03:12'),('bu2hhs5i7nd0md7fapkg','bu2hhrti7nd0md7fapg0',1,'It was at this time that the meeting, or, rather gathering of the mem- bers of this inharmonious family took place in the cell of the elder who had such an extraordinary influence on Alyosha.','2020-10-13 03:03:12'),('bu2hhs5i7nd0md7fapl0','bu2hhrti7nd0md7fapg0',2,'I protest, even warmly, that neither he nor his sorrows were in my intention.','2020-10-13 03:03:12'),('bu2hhs5i7nd0md7faplg','bu2hhrti7nd0md7fapg0',2,'I am all in a sea of wonders. I doubt; I fear; I think strange things, which I dare not confess to my own soul. God keep me, if only for the sake of those dear to me!','2020-10-13 03:03:12'),('bu2hhs5i7nd0md7fapm0','bu2hhrti7nd0md7fapg0',4,'And with that he went off to see my father, taking me with him by the arm.','2020-10-13 03:03:12'),('bu2hhs5i7nd0md7fapn0','bu2hhs5i7nd0md7fapmg',3,'He completely abandoned the child of his marriage with Adelaida Ivanovna, not from malice, nor because of his matrimoni- al grievances, but simply because he forgot him.','2020-10-13 03:03:12'),('bu2hhs5i7nd0md7fapng','bu2hhs5i7nd0md7fapmg',4,'And with that he went off to see my father, taking me with him by the arm.','2020-10-13 03:03:12'),('bu2hhs5i7nd0md7fapo0','bu2hhs5i7nd0md7fapmg',2,'He completely abandoned the child of his marriage with Adelaida Ivanovna, not from malice, nor because of his matrimoni- al grievances, but simply because he forgot him.','2020-10-13 03:03:12'),('bu2hhs5i7nd0md7fapog','bu2hhs5i7nd0md7fapmg',4,'It was at this time that the meeting, or, rather gathering of the mem- bers of this inharmonious family took place in the cell of the elder who had such an extraordinary influence on Alyosha.','2020-10-13 03:03:12'),('bu2hhs5i7nd0md7fapp0','bu2hhs5i7nd0md7fapmg',2,'He spoke of the happiness that was now certainly theirs, of the folly of not breaking sooner out of that magnificent prison of latter-day life, of the old romantic days that had passed from the world for ever.','2020-10-13 03:03:12'),('bu2hhs5i7nd0md7fappg','bu2hhs5i7nd0md7fapmg',3,'Near it in the field, I remember, were three faint points of light, three telescopic stars infinitely remote, and all around it was the unfathomable darkness of empty space.','2020-10-13 03:03:12'),('bu2hhs5i7nd0md7fapq0','bu2hhs5i7nd0md7fapmg',4,'But what sort of language would we have the world speak, if we were told the miracle of Babel was presently to be reversed?','2020-10-13 03:03:12'),('bu2hhs5i7nd0md7fapqg','bu2hhs5i7nd0md7fapmg',3,'The sun set; the dusk fell on the stream, and lights began to appear along the shore. The Chapman light–house, a three–legged thing erect on a mud–flat, shone strongly.','2020-10-13 03:03:12'),('bu2hhs5i7nd0md7fapr0','bu2hhs5i7nd0md7fapmg',5,'Have I come to Utopia to hear this sort of thing?','2020-10-13 03:03:12'),('bu2hhs5i7nd0md7faprg','bu2hhs5i7nd0md7fapmg',3,'It is a truth universally acknowledged, that a single man in possession of a good fortune, must be in want of a wife.','2020-10-13 03:03:12'),('bu2hhs5i7nd0md7faps0','bu2hhs5i7nd0md7fapmg',4,'And with that he went off to see my father, taking me with him by the arm.','2020-10-13 03:03:12'),('bu2hhs5i7nd0md7fapsg','bu2hhs5i7nd0md7fapmg',2,'Near it in the field, I remember, were three faint points of light, three telescopic stars infinitely remote, and all around it was the unfathomable darkness of empty space.','2020-10-13 03:03:12'),('bu2hhs5i7nd0md7faptg','bu2hhs5i7nd0md7fapt0',4,'He completely abandoned the child of his marriage with Adelaida Ivanovna, not from malice, nor because of his matrimoni- al grievances, but simply because he forgot him.','2020-10-13 03:03:12'),('bu2hhs5i7nd0md7fapu0','bu2hhs5i7nd0md7fapt0',4,'And with that he went off to see my father, taking me with him by the arm.','2020-10-13 03:03:12'),('bu2hhs5i7nd0md7fapug','bu2hhs5i7nd0md7fapt0',3,'It is no doubt an optimistic enterprise. But it is good for awhile to be free from the carping note that must needs be audible when we discuss our present imperfections, to release ourselves from practical difficulties and the tangle of ways and means. It is good to stop by the track for a space, put aside the knapsack, wipe the brows, and talk a little of the upper slopes of the mountain we think we are climbing, would but the trees let us see it','2020-10-13 03:03:12'),('bu2hhs5i7nd0md7fapv0','bu2hhs5i7nd0md7fapt0',4,'She stared at him in astonishment, and as she read something of the significant hieroglyphic of his battered face, her lips whitened.','2020-10-13 03:03:12'),('bu2hhs5i7nd0md7fapvg','bu2hhs5i7nd0md7fapt0',2,'But what sort of language would we have the world speak, if we were told the miracle of Babel was presently to be reversed?','2020-10-13 03:03:12'),('bu2hhs5i7nd0md7faq00','bu2hhs5i7nd0md7fapt0',5,'He completely abandoned the child of his marriage with Adelaida Ivanovna, not from malice, nor because of his matrimoni- al grievances, but simply because he forgot him.','2020-10-13 03:03:12'),('bu2hhs5i7nd0md7faq0g','bu2hhs5i7nd0md7fapt0',4,'Have I come to Utopia to hear this sort of thing?','2020-10-13 03:03:12'),('bu2hhs5i7nd0md7faq10','bu2hhs5i7nd0md7fapt0',4,'He completely abandoned the child of his marriage with Adelaida Ivanovna, not from malice, nor because of his matrimoni- al grievances, but simply because he forgot him.','2020-10-13 03:03:12'),('bu2hhs5i7nd0md7faq1g','bu2hhs5i7nd0md7fapt0',2,'Near it in the field, I remember, were three faint points of light, three telescopic stars infinitely remote, and all around it was the unfathomable darkness of empty space.','2020-10-13 03:03:12'),('bu2hhs5i7nd0md7faq20','bu2hhs5i7nd0md7fapt0',3,'She stared at him in astonishment, and as she read something of the significant hieroglyphic of his battered face, her lips whitened.','2020-10-13 03:03:12'),('bu2hhs5i7nd0md7faq2g','bu2hhs5i7nd0md7fapt0',4,'Near it in the field, I remember, were three faint points of light, three telescopic stars infinitely remote, and all around it was the unfathomable darkness of empty space.','2020-10-13 03:03:12'),('bu2hhs5i7nd0md7faq30','bu2hhs5i7nd0md7fapt0',2,'She stared at him in astonishment, and as she read something of the significant hieroglyphic of his battered face, her lips whitened.','2020-10-13 03:03:12'),('bu2hhs5i7nd0md7faq40','bu2hhs5i7nd0md7faq3g',3,'It is no doubt an optimistic enterprise. But it is good for awhile to be free from the carping note that must needs be audible when we discuss our present imperfections, to release ourselves from practical difficulties and the tangle of ways and means. It is good to stop by the track for a space, put aside the knapsack, wipe the brows, and talk a little of the upper slopes of the mountain we think we are climbing, would but the trees let us see it','2020-10-13 03:03:12'),('bu2hhs5i7nd0md7faq4g','bu2hhs5i7nd0md7faq3g',1,'The Nellie, a cruising yawl, swung to her anchor without a flutter of the sails, and was at rest.','2020-10-13 03:03:12'),('bu2hhs5i7nd0md7faq50','bu2hhs5i7nd0md7faq3g',4,'And with that he went off to see my father, taking me with him by the arm.','2020-10-13 03:03:12'),('bu2hhs5i7nd0md7faq5g','bu2hhs5i7nd0md7faq3g',3,'The sun set; the dusk fell on the stream, and lights began to appear along the shore. The Chapman light–house, a three–legged thing erect on a mud–flat, shone strongly.','2020-10-13 03:03:12'),('bu2hhs5i7nd0md7faq60','bu2hhs5i7nd0md7faq3g',4,'The sun set; the dusk fell on the stream, and lights began to appear along the shore. The Chapman light–house, a three–legged thing erect on a mud–flat, shone strongly.','2020-10-13 03:03:12'),('bu2hhs5i7nd0md7faq6g','bu2hhs5i7nd0md7faq3g',1,'Have I come to Utopia to hear this sort of thing?','2020-10-13 03:03:12'),('bu2hhs5i7nd0md7faq70','bu2hhs5i7nd0md7faq3g',4,'It is no doubt an optimistic enterprise. But it is good for awhile to be free from the carping note that must needs be audible when we discuss our present imperfections, to release ourselves from practical difficulties and the tangle of ways and means. It is good to stop by the track for a space, put aside the knapsack, wipe the brows, and talk a little of the upper slopes of the mountain we think we are climbing, would but the trees let us see it','2020-10-13 03:03:12'),('bu2hhs5i7nd0md7faq7g','bu2hhs5i7nd0md7faq3g',1,'The Nellie, a cruising yawl, swung to her anchor without a flutter of the sails, and was at rest.','2020-10-13 03:03:12'),('bu2hhs5i7nd0md7faq80','bu2hhs5i7nd0md7faq3g',2,'The secular cooling that must someday overtake our planet has already gone far indeed with our neighbour.','2020-10-13 03:03:12'),('bu2hhs5i7nd0md7faq8g','bu2hhs5i7nd0md7faq3g',1,'He spoke of the happiness that was now certainly theirs, of the folly of not breaking sooner out of that magnificent prison of latter-day life, of the old romantic days that had passed from the world for ever.','2020-10-13 03:03:12'),('bu2hhs5i7nd0md7faq90','bu2hhs5i7nd0md7faq3g',3,'Have I come to Utopia to hear this sort of thing?','2020-10-13 03:03:12'),('bu2hhs5i7nd0md7faq9g','bu2hhs5i7nd0md7faq3g',3,'One dog rolled before him, well-nigh slashed in half; but a second had him by the thigh, a third gripped his collar be- hind, and a fourth had the blade of the sword between its teeth, tasting its own blood.','2020-10-13 03:03:12'),('bu2hhs5i7nd0md7faqag','bu2hhs5i7nd0md7faqa0',1,'He spoke of the happiness that was now certainly theirs, of the folly of not breaking sooner out of that magnificent prison of latter-day life, of the old romantic days that had passed from the world for ever.','2020-10-13 03:03:12'),('bu2hhs5i7nd0md7faqb0','bu2hhs5i7nd0md7faqa0',1,'I am all in a sea of wonders. I doubt; I fear; I think strange things, which I dare not confess to my own soul. God keep me, if only for the sake of those dear to me!','2020-10-13 03:03:12'),('bu2hhs5i7nd0md7faqbg','bu2hhs5i7nd0md7faqa0',1,'Near it in the field, I remember, were three faint points of light, three telescopic stars infinitely remote, and all around it was the unfathomable darkness of empty space.','2020-10-13 03:03:12'),('bu2hhs5i7nd0md7faqc0','bu2hhs5i7nd0md7faqa0',3,'She stared at him in astonishment, and as she read something of the significant hieroglyphic of his battered face, her lips whitened.','2020-10-13 03:03:12'),('bu2hhs5i7nd0md7faqcg','bu2hhs5i7nd0md7faqa0',4,'The Nellie, a cruising yawl, swung to her anchor without a flutter of the sails, and was at rest.','2020-10-13 03:03:12'),('bu2hhs5i7nd0md7faqd0','bu2hhs5i7nd0md7faqa0',4,'But what sort of language would we have the world speak, if we were told the miracle of Babel was presently to be reversed?','2020-10-13 03:03:12'),('bu2hhs5i7nd0md7faqdg','bu2hhs5i7nd0md7faqa0',2,'One dog rolled before him, well-nigh slashed in half; but a second had him by the thigh, a third gripped his collar be- hind, and a fourth had the blade of the sword between its teeth, tasting its own blood.','2020-10-13 03:03:12'),('bu2hhs5i7nd0md7faqe0','bu2hhs5i7nd0md7faqa0',3,'He spoke of the happiness that was now certainly theirs, of the folly of not breaking sooner out of that magnificent prison of latter-day life, of the old romantic days that had passed from the world for ever.','2020-10-13 03:03:12'),('bu2hhs5i7nd0md7faqeg','bu2hhs5i7nd0md7faqa0',5,'He completely abandoned the child of his marriage with Adelaida Ivanovna, not from malice, nor because of his matrimoni- al grievances, but simply because he forgot him.','2020-10-13 03:03:12'),('bu2hhs5i7nd0md7faqf0','bu2hhs5i7nd0md7faqa0',3,'Have I come to Utopia to hear this sort of thing?','2020-10-13 03:03:12'),('bu2hhs5i7nd0md7faqfg','bu2hhs5i7nd0md7faqa0',3,'Then followed a battle of looks between them, but the captain soon knuckled under, put up his weapon, and resumed his seat, grumbling like a beaten dog.','2020-10-13 03:03:12'),('bu2hhs5i7nd0md7faqg0','bu2hhs5i7nd0md7faqa0',3,'He completely abandoned the child of his marriage with Adelaida Ivanovna, not from malice, nor because of his matrimoni- al grievances, but simply because he forgot him.','2020-10-13 03:03:12'),('bu2hhs5i7nd0md7faqh0','bu2hhs5i7nd0md7faqgg',5,'It is no doubt an optimistic enterprise. But it is good for awhile to be free from the carping note that must needs be audible when we discuss our present imperfections, to release ourselves from practical difficulties and the tangle of ways and means. It is good to stop by the track for a space, put aside the knapsack, wipe the brows, and talk a little of the upper slopes of the mountain we think we are climbing, would but the trees let us see it','2020-10-13 03:03:12'),('bu2hhs5i7nd0md7faqhg','bu2hhs5i7nd0md7faqgg',2,'Then followed a battle of looks between them, but the captain soon knuckled under, put up his weapon, and resumed his seat, grumbling like a beaten dog.','2020-10-13 03:03:12'),('bu2hhs5i7nd0md7faqi0','bu2hhs5i7nd0md7faqgg',3,'It was at this time that the meeting, or, rather gathering of the mem- bers of this inharmonious family took place in the cell of the elder who had such an extraordinary influence on Alyosha.','2020-10-13 03:03:12'),('bu2hhs5i7nd0md7faqig','bu2hhs5i7nd0md7faqgg',2,'She stared at him in astonishment, and as she read something of the significant hieroglyphic of his battered face, her lips whitened.','2020-10-13 03:03:12'),('bu2hhs5i7nd0md7faqj0','bu2hhs5i7nd0md7faqgg',5,'Then followed a battle of looks between them, but the captain soon knuckled under, put up his weapon, and resumed his seat, grumbling like a beaten dog.','2020-10-13 03:03:12'),('bu2hhs5i7nd0md7faqjg','bu2hhs5i7nd0md7faqgg',2,'He completely abandoned the child of his marriage with Adelaida Ivanovna, not from malice, nor because of his matrimoni- al grievances, but simply because he forgot him.','2020-10-13 03:03:12'),('bu2hhs5i7nd0md7faqk0','bu2hhs5i7nd0md7faqgg',1,'It was at this time that the meeting, or, rather gathering of the mem- bers of this inharmonious family took place in the cell of the elder who had such an extraordinary influence on Alyosha.','2020-10-13 03:03:12'),('bu2hhs5i7nd0md7faqkg','bu2hhs5i7nd0md7faqgg',4,'I protest, even warmly, that neither he nor his sorrows were in my intention.','2020-10-13 03:03:12'),('bu2hhs5i7nd0md7faql0','bu2hhs5i7nd0md7faqgg',2,'It is no doubt an optimistic enterprise. But it is good for awhile to be free from the carping note that must needs be audible when we discuss our present imperfections, to release ourselves from practical difficulties and the tangle of ways and means. It is good to stop by the track for a space, put aside the knapsack, wipe the brows, and talk a little of the upper slopes of the mountain we think we are climbing, would but the trees let us see it','2020-10-13 03:03:12'),('bu2hhs5i7nd0md7faqlg','bu2hhs5i7nd0md7faqgg',5,'Have I come to Utopia to hear this sort of thing?','2020-10-13 03:03:12'),('bu2hhs5i7nd0md7faqm0','bu2hhs5i7nd0md7faqgg',2,'Near it in the field, I remember, were three faint points of light, three telescopic stars infinitely remote, and all around it was the unfathomable darkness of empty space.','2020-10-13 03:03:12'),('bu2hhs5i7nd0md7faqmg','bu2hhs5i7nd0md7faqgg',3,'She stared at him in astonishment, and as she read something of the significant hieroglyphic of his battered face, her lips whitened.','2020-10-13 03:03:12'),('bu2hhtti7nd3jf31oelg','bu2hhtti7nd3jf31oel0',3,'But what sort of language would we have the world speak, if we were told the miracle of Babel was presently to be reversed?','2020-10-13 03:03:19'),('bu2hhtti7nd3jf31oem0','bu2hhtti7nd3jf31oel0',5,'I am all in a sea of wonders. I doubt; I fear; I think strange things, which I dare not confess to my own soul. God keep me, if only for the sake of those dear to me!','2020-10-13 03:03:19'),('bu2hhtti7nd3jf31oemg','bu2hhtti7nd3jf31oel0',2,'The sun set; the dusk fell on the stream, and lights began to appear along the shore. The Chapman light–house, a three–legged thing erect on a mud–flat, shone strongly.','2020-10-13 03:03:19'),('bu2hhtti7nd3jf31oen0','bu2hhtti7nd3jf31oel0',4,'It is no doubt an optimistic enterprise. But it is good for awhile to be free from the carping note that must needs be audible when we discuss our present imperfections, to release ourselves from practical difficulties and the tangle of ways and means. It is good to stop by the track for a space, put aside the knapsack, wipe the brows, and talk a little of the upper slopes of the mountain we think we are climbing, would but the trees let us see it','2020-10-13 03:03:19'),('bu2hhtti7nd3jf31oeng','bu2hhtti7nd3jf31oel0',1,'I am all in a sea of wonders. I doubt; I fear; I think strange things, which I dare not confess to my own soul. God keep me, if only for the sake of those dear to me!','2020-10-13 03:03:19'),('bu2hhtti7nd3jf31oeo0','bu2hhtti7nd3jf31oel0',1,'He completely abandoned the child of his marriage with Adelaida Ivanovna, not from malice, nor because of his matrimoni- al grievances, but simply because he forgot him.','2020-10-13 03:03:19'),('bu2hhtti7nd3jf31oeog','bu2hhtti7nd3jf31oel0',2,'The sun set; the dusk fell on the stream, and lights began to appear along the shore. The Chapman light–house, a three–legged thing erect on a mud–flat, shone strongly.','2020-10-13 03:03:19'),('bu2hhtti7nd3jf31oep0','bu2hhtti7nd3jf31oel0',1,'It was at this time that the meeting, or, rather gathering of the mem- bers of this inharmonious family took place in the cell of the elder who had such an extraordinary influence on Alyosha.','2020-10-13 03:03:19'),('bu2hhtti7nd3jf31oepg','bu2hhtti7nd3jf31oel0',5,'Have I come to Utopia to hear this sort of thing?','2020-10-13 03:03:19'),('bu2hhtti7nd3jf31oeq0','bu2hhtti7nd3jf31oel0',2,'She stared at him in astonishment, and as she read something of the significant hieroglyphic of his battered face, her lips whitened.','2020-10-13 03:03:19'),('bu2hhtti7nd3jf31oeqg','bu2hhtti7nd3jf31oel0',3,'One dog rolled before him, well-nigh slashed in half; but a second had him by the thigh, a third gripped his collar be- hind, and a fourth had the blade of the sword between its teeth, tasting its own blood.','2020-10-13 03:03:19'),('bu2hhtti7nd3jf31oer0','bu2hhtti7nd3jf31oel0',5,'I am all in a sea of wonders. I doubt; I fear; I think strange things, which I dare not confess to my own soul. God keep me, if only for the sake of those dear to me!','2020-10-13 03:03:19'),('bu2hhtti7nd3jf31oes0','bu2hhtti7nd3jf31oerg',5,'He spoke of the happiness that was now certainly theirs, of the folly of not breaking sooner out of that magnificent prison of latter-day life, of the old romantic days that had passed from the world for ever.','2020-10-13 03:03:19'),('bu2hhtti7nd3jf31oesg','bu2hhtti7nd3jf31oerg',2,'And with that he went off to see my father, taking me with him by the arm.','2020-10-13 03:03:19'),('bu2hhtti7nd3jf31oet0','bu2hhtti7nd3jf31oerg',1,'It is a truth universally acknowledged, that a single man in possession of a good fortune, must be in want of a wife.','2020-10-13 03:03:19'),('bu2hhtti7nd3jf31oetg','bu2hhtti7nd3jf31oerg',3,'I protest, even warmly, that neither he nor his sorrows were in my intention.','2020-10-13 03:03:19'),('bu2hhtti7nd3jf31oeu0','bu2hhtti7nd3jf31oerg',2,'But what sort of language would we have the world speak, if we were told the miracle of Babel was presently to be reversed?','2020-10-13 03:03:19'),('bu2hhtti7nd3jf31oeug','bu2hhtti7nd3jf31oerg',1,'I protest, even warmly, that neither he nor his sorrows were in my intention.','2020-10-13 03:03:19'),('bu2hhtti7nd3jf31oev0','bu2hhtti7nd3jf31oerg',2,'Near it in the field, I remember, were three faint points of light, three telescopic stars infinitely remote, and all around it was the unfathomable darkness of empty space.','2020-10-13 03:03:19'),('bu2hhtti7nd3jf31oevg','bu2hhtti7nd3jf31oerg',4,'I protest, even warmly, that neither he nor his sorrows were in my intention.','2020-10-13 03:03:19'),('bu2hhtti7nd3jf31of00','bu2hhtti7nd3jf31oerg',4,'It is a truth universally acknowledged, that a single man in possession of a good fortune, must be in want of a wife.','2020-10-13 03:03:19'),('bu2hhtti7nd3jf31of0g','bu2hhtti7nd3jf31oerg',3,'Have I come to Utopia to hear this sort of thing?','2020-10-13 03:03:19'),('bu2hhtti7nd3jf31of10','bu2hhtti7nd3jf31oerg',3,'And with that he went off to see my father, taking me with him by the arm.','2020-10-13 03:03:19'),('bu2hhtti7nd3jf31of1g','bu2hhtti7nd3jf31oerg',3,'Near it in the field, I remember, were three faint points of light, three telescopic stars infinitely remote, and all around it was the unfathomable darkness of empty space.','2020-10-13 03:03:19'),('bu2hhtti7nd3jf31of2g','bu2hhtti7nd3jf31of20',1,'It was at this time that the meeting, or, rather gathering of the mem- bers of this inharmonious family took place in the cell of the elder who had such an extraordinary influence on Alyosha.','2020-10-13 03:03:19'),('bu2hhtti7nd3jf31of30','bu2hhtti7nd3jf31of20',1,'Have I come to Utopia to hear this sort of thing?','2020-10-13 03:03:19'),('bu2hhtti7nd3jf31of3g','bu2hhtti7nd3jf31of20',2,'And with that he went off to see my father, taking me with him by the arm.','2020-10-13 03:03:19'),('bu2hhtti7nd3jf31of40','bu2hhtti7nd3jf31of20',4,'The secular cooling that must someday overtake our planet has already gone far indeed with our neighbour.','2020-10-13 03:03:19'),('bu2hhtti7nd3jf31of4g','bu2hhtti7nd3jf31of20',3,'The secular cooling that must someday overtake our planet has already gone far indeed with our neighbour.','2020-10-13 03:03:19'),('bu2hhtti7nd3jf31of50','bu2hhtti7nd3jf31of20',2,'One dog rolled before him, well-nigh slashed in half; but a second had him by the thigh, a third gripped his collar be- hind, and a fourth had the blade of the sword between its teeth, tasting its own blood.','2020-10-13 03:03:19'),('bu2hhtti7nd3jf31of5g','bu2hhtti7nd3jf31of20',5,'He spoke of the happiness that was now certainly theirs, of the folly of not breaking sooner out of that magnificent prison of latter-day life, of the old romantic days that had passed from the world for ever.','2020-10-13 03:03:19'),('bu2hhtti7nd3jf31of60','bu2hhtti7nd3jf31of20',2,'Then followed a battle of looks between them, but the captain soon knuckled under, put up his weapon, and resumed his seat, grumbling like a beaten dog.','2020-10-13 03:03:19'),('bu2hhtti7nd3jf31of6g','bu2hhtti7nd3jf31of20',3,'Have I come to Utopia to hear this sort of thing?','2020-10-13 03:03:19'),('bu2hhtti7nd3jf31of70','bu2hhtti7nd3jf31of20',2,'The secular cooling that must someday overtake our planet has already gone far indeed with our neighbour.','2020-10-13 03:03:19'),('bu2hhtti7nd3jf31of7g','bu2hhtti7nd3jf31of20',1,'I am all in a sea of wonders. I doubt; I fear; I think strange things, which I dare not confess to my own soul. God keep me, if only for the sake of those dear to me!','2020-10-13 03:03:19'),('bu2hhtti7nd3jf31of80','bu2hhtti7nd3jf31of20',2,'The Nellie, a cruising yawl, swung to her anchor without a flutter of the sails, and was at rest.','2020-10-13 03:03:19'),('bu2hhtti7nd3jf31of90','bu2hhtti7nd3jf31of8g',1,'Have I come to Utopia to hear this sort of thing?','2020-10-13 03:03:19'),('bu2hhtti7nd3jf31of9g','bu2hhtti7nd3jf31of8g',5,'The secular cooling that must someday overtake our planet has already gone far indeed with our neighbour.','2020-10-13 03:03:19'),('bu2hhtti7nd3jf31ofa0','bu2hhtti7nd3jf31of8g',4,'It was at this time that the meeting, or, rather gathering of the mem- bers of this inharmonious family took place in the cell of the elder who had such an extraordinary influence on Alyosha.','2020-10-13 03:03:19'),('bu2hhtti7nd3jf31ofag','bu2hhtti7nd3jf31of8g',4,'One dog rolled before him, well-nigh slashed in half; but a second had him by the thigh, a third gripped his collar be- hind, and a fourth had the blade of the sword between its teeth, tasting its own blood.','2020-10-13 03:03:19'),('bu2hhtti7nd3jf31ofb0','bu2hhtti7nd3jf31of8g',3,'It is no doubt an optimistic enterprise. But it is good for awhile to be free from the carping note that must needs be audible when we discuss our present imperfections, to release ourselves from practical difficulties and the tangle of ways and means. It is good to stop by the track for a space, put aside the knapsack, wipe the brows, and talk a little of the upper slopes of the mountain we think we are climbing, would but the trees let us see it','2020-10-13 03:03:19'),('bu2hhtti7nd3jf31ofbg','bu2hhtti7nd3jf31of8g',4,'The sun set; the dusk fell on the stream, and lights began to appear along the shore. The Chapman light–house, a three–legged thing erect on a mud–flat, shone strongly.','2020-10-13 03:03:19'),('bu2hhtti7nd3jf31ofc0','bu2hhtti7nd3jf31of8g',5,'It is a truth universally acknowledged, that a single man in possession of a good fortune, must be in want of a wife.','2020-10-13 03:03:19'),('bu2hhtti7nd3jf31ofcg','bu2hhtti7nd3jf31of8g',5,'It was at this time that the meeting, or, rather gathering of the mem- bers of this inharmonious family took place in the cell of the elder who had such an extraordinary influence on Alyosha.','2020-10-13 03:03:19'),('bu2hhtti7nd3jf31ofd0','bu2hhtti7nd3jf31of8g',4,'She stared at him in astonishment, and as she read something of the significant hieroglyphic of his battered face, her lips whitened.','2020-10-13 03:03:19'),('bu2hhtti7nd3jf31ofdg','bu2hhtti7nd3jf31of8g',3,'He completely abandoned the child of his marriage with Adelaida Ivanovna, not from malice, nor because of his matrimoni- al grievances, but simply because he forgot him.','2020-10-13 03:03:19'),('bu2hhtti7nd3jf31ofe0','bu2hhtti7nd3jf31of8g',2,'The sun set; the dusk fell on the stream, and lights began to appear along the shore. The Chapman light–house, a three–legged thing erect on a mud–flat, shone strongly.','2020-10-13 03:03:19'),('bu2hhtti7nd3jf31ofeg','bu2hhtti7nd3jf31of8g',5,'He completely abandoned the child of his marriage with Adelaida Ivanovna, not from malice, nor because of his matrimoni- al grievances, but simply because he forgot him.','2020-10-13 03:03:19'),('bu2hhtti7nd3jf31offg','bu2hhtti7nd3jf31off0',1,'I am all in a sea of wonders. I doubt; I fear; I think strange things, which I dare not confess to my own soul. God keep me, if only for the sake of those dear to me!','2020-10-13 03:03:19'),('bu2hhtti7nd3jf31ofg0','bu2hhtti7nd3jf31off0',1,'Have I come to Utopia to hear this sort of thing?','2020-10-13 03:03:19'),('bu2hhtti7nd3jf31ofgg','bu2hhtti7nd3jf31off0',4,'Have I come to Utopia to hear this sort of thing?','2020-10-13 03:03:19'),('bu2hhtti7nd3jf31ofh0','bu2hhtti7nd3jf31off0',4,'She stared at him in astonishment, and as she read something of the significant hieroglyphic of his battered face, her lips whitened.','2020-10-13 03:03:19'),('bu2hhtti7nd3jf31ofhg','bu2hhtti7nd3jf31off0',4,'It is a truth universally acknowledged, that a single man in possession of a good fortune, must be in want of a wife.','2020-10-13 03:03:19'),('bu2hhtti7nd3jf31ofi0','bu2hhtti7nd3jf31off0',1,'One dog rolled before him, well-nigh slashed in half; but a second had him by the thigh, a third gripped his collar be- hind, and a fourth had the blade of the sword between its teeth, tasting its own blood.','2020-10-13 03:03:19'),('bu2hhtti7nd3jf31ofig','bu2hhtti7nd3jf31off0',2,'I am all in a sea of wonders. I doubt; I fear; I think strange things, which I dare not confess to my own soul. God keep me, if only for the sake of those dear to me!','2020-10-13 03:03:19'),('bu2hhtti7nd3jf31ofj0','bu2hhtti7nd3jf31off0',1,'Have I come to Utopia to hear this sort of thing?','2020-10-13 03:03:19'),('bu2hhtti7nd3jf31ofjg','bu2hhtti7nd3jf31off0',1,'And with that he went off to see my father, taking me with him by the arm.','2020-10-13 03:03:19'),('bu2hhtti7nd3jf31ofk0','bu2hhtti7nd3jf31off0',2,'It is no doubt an optimistic enterprise. But it is good for awhile to be free from the carping note that must needs be audible when we discuss our present imperfections, to release ourselves from practical difficulties and the tangle of ways and means. It is good to stop by the track for a space, put aside the knapsack, wipe the brows, and talk a little of the upper slopes of the mountain we think we are climbing, would but the trees let us see it','2020-10-13 03:03:19'),('bu2hhtti7nd3jf31ofkg','bu2hhtti7nd3jf31off0',2,'It is no doubt an optimistic enterprise. But it is good for awhile to be free from the carping note that must needs be audible when we discuss our present imperfections, to release ourselves from practical difficulties and the tangle of ways and means. It is good to stop by the track for a space, put aside the knapsack, wipe the brows, and talk a little of the upper slopes of the mountain we think we are climbing, would but the trees let us see it','2020-10-13 03:03:19'),('bu2hhtti7nd3jf31ofl0','bu2hhtti7nd3jf31off0',4,'It was at this time that the meeting, or, rather gathering of the mem- bers of this inharmonious family took place in the cell of the elder who had such an extraordinary influence on Alyosha.','2020-10-13 03:03:19'),('bu2hhtti7nd3jf31ofm0','bu2hhtti7nd3jf31oflg',3,'But what sort of language would we have the world speak, if we were told the miracle of Babel was presently to be reversed?','2020-10-13 03:03:19'),('bu2hhtti7nd3jf31ofmg','bu2hhtti7nd3jf31oflg',4,'It was at this time that the meeting, or, rather gathering of the mem- bers of this inharmonious family took place in the cell of the elder who had such an extraordinary influence on Alyosha.','2020-10-13 03:03:19'),('bu2hhtti7nd3jf31ofn0','bu2hhtti7nd3jf31oflg',2,'It is a truth universally acknowledged, that a single man in possession of a good fortune, must be in want of a wife.','2020-10-13 03:03:19'),('bu2hhtti7nd3jf31ofng','bu2hhtti7nd3jf31oflg',4,'Have I come to Utopia to hear this sort of thing?','2020-10-13 03:03:19'),('bu2hhtti7nd3jf31ofo0','bu2hhtti7nd3jf31oflg',2,'I protest, even warmly, that neither he nor his sorrows were in my intention.','2020-10-13 03:03:19'),('bu2hhtti7nd3jf31ofog','bu2hhtti7nd3jf31oflg',3,'It is no doubt an optimistic enterprise. But it is good for awhile to be free from the carping note that must needs be audible when we discuss our present imperfections, to release ourselves from practical difficulties and the tangle of ways and means. It is good to stop by the track for a space, put aside the knapsack, wipe the brows, and talk a little of the upper slopes of the mountain we think we are climbing, would but the trees let us see it','2020-10-13 03:03:19'),('bu2hhtti7nd3jf31ofp0','bu2hhtti7nd3jf31oflg',4,'He spoke of the happiness that was now certainly theirs, of the folly of not breaking sooner out of that magnificent prison of latter-day life, of the old romantic days that had passed from the world for ever.','2020-10-13 03:03:19'),('bu2hhtti7nd3jf31ofpg','bu2hhtti7nd3jf31oflg',3,'I protest, even warmly, that neither he nor his sorrows were in my intention.','2020-10-13 03:03:20'),('bu2hhtti7nd3jf31ofq0','bu2hhtti7nd3jf31oflg',5,'Near it in the field, I remember, were three faint points of light, three telescopic stars infinitely remote, and all around it was the unfathomable darkness of empty space.','2020-10-13 03:03:20'),('bu2hhtti7nd3jf31ofqg','bu2hhtti7nd3jf31oflg',3,'It is a truth universally acknowledged, that a single man in possession of a good fortune, must be in want of a wife.','2020-10-13 03:03:20'),('bu2hhtti7nd3jf31ofr0','bu2hhtti7nd3jf31oflg',4,'But what sort of language would we have the world speak, if we were told the miracle of Babel was presently to be reversed?','2020-10-13 03:03:20'),('bu2hhtti7nd3jf31ofrg','bu2hhtti7nd3jf31oflg',2,'And with that he went off to see my father, taking me with him by the arm.','2020-10-13 03:03:20'),('bu2hhtti7nd3jf31ofsg','bu2hhtti7nd3jf31ofs0',4,'He spoke of the happiness that was now certainly theirs, of the folly of not breaking sooner out of that magnificent prison of latter-day life, of the old romantic days that had passed from the world for ever.','2020-10-13 03:03:20'),('bu2hhtti7nd3jf31oft0','bu2hhtti7nd3jf31ofs0',4,'I am all in a sea of wonders. I doubt; I fear; I think strange things, which I dare not confess to my own soul. God keep me, if only for the sake of those dear to me!','2020-10-13 03:03:20'),('bu2hhtti7nd3jf31oftg','bu2hhtti7nd3jf31ofs0',3,'Then followed a battle of looks between them, but the captain soon knuckled under, put up his weapon, and resumed his seat, grumbling like a beaten dog.','2020-10-13 03:03:20'),('bu2hhtti7nd3jf31ofu0','bu2hhtti7nd3jf31ofs0',4,'The secular cooling that must someday overtake our planet has already gone far indeed with our neighbour.','2020-10-13 03:03:20'),('bu2hhtti7nd3jf31ofug','bu2hhtti7nd3jf31ofs0',2,'It is no doubt an optimistic enterprise. But it is good for awhile to be free from the carping note that must needs be audible when we discuss our present imperfections, to release ourselves from practical difficulties and the tangle of ways and means. It is good to stop by the track for a space, put aside the knapsack, wipe the brows, and talk a little of the upper slopes of the mountain we think we are climbing, would but the trees let us see it','2020-10-13 03:03:20'),('bu2hhtti7nd3jf31ofv0','bu2hhtti7nd3jf31ofs0',5,'She stared at him in astonishment, and as she read something of the significant hieroglyphic of his battered face, her lips whitened.','2020-10-13 03:03:20'),('bu2hhtti7nd3jf31ofvg','bu2hhtti7nd3jf31ofs0',4,'One dog rolled before him, well-nigh slashed in half; but a second had him by the thigh, a third gripped his collar be- hind, and a fourth had the blade of the sword between its teeth, tasting its own blood.','2020-10-13 03:03:20'),('bu2hhtti7nd3jf31og00','bu2hhtti7nd3jf31ofs0',4,'It is a truth universally acknowledged, that a single man in possession of a good fortune, must be in want of a wife.','2020-10-13 03:03:20'),('bu2hhtti7nd3jf31og0g','bu2hhtti7nd3jf31ofs0',2,'He completely abandoned the child of his marriage with Adelaida Ivanovna, not from malice, nor because of his matrimoni- al grievances, but simply because he forgot him.','2020-10-13 03:03:20'),('bu2hhtti7nd3jf31og10','bu2hhtti7nd3jf31ofs0',3,'I protest, even warmly, that neither he nor his sorrows were in my intention.','2020-10-13 03:03:20'),('bu2hhtti7nd3jf31og1g','bu2hhtti7nd3jf31ofs0',4,'I protest, even warmly, that neither he nor his sorrows were in my intention.','2020-10-13 03:03:20'),('bu2hhtti7nd3jf31og20','bu2hhtti7nd3jf31ofs0',2,'She stared at him in astonishment, and as she read something of the significant hieroglyphic of his battered face, her lips whitened.','2020-10-13 03:03:20'),('bu2hhtti7nd3jf31og30','bu2hhtti7nd3jf31og2g',3,'I am all in a sea of wonders. I doubt; I fear; I think strange things, which I dare not confess to my own soul. God keep me, if only for the sake of those dear to me!','2020-10-13 03:03:20'),('bu2hhtti7nd3jf31og3g','bu2hhtti7nd3jf31og2g',1,'The sun set; the dusk fell on the stream, and lights began to appear along the shore. The Chapman light–house, a three–legged thing erect on a mud–flat, shone strongly.','2020-10-13 03:03:20'),('bu2hhtti7nd3jf31og40','bu2hhtti7nd3jf31og2g',4,'She stared at him in astonishment, and as she read something of the significant hieroglyphic of his battered face, her lips whitened.','2020-10-13 03:03:20'),('bu2hhtti7nd3jf31og4g','bu2hhtti7nd3jf31og2g',3,'But what sort of language would we have the world speak, if we were told the miracle of Babel was presently to be reversed?','2020-10-13 03:03:20'),('bu2hhtti7nd3jf31og50','bu2hhtti7nd3jf31og2g',4,'I am all in a sea of wonders. I doubt; I fear; I think strange things, which I dare not confess to my own soul. God keep me, if only for the sake of those dear to me!','2020-10-13 03:03:20'),('bu2hhtti7nd3jf31og5g','bu2hhtti7nd3jf31og2g',1,'One dog rolled before him, well-nigh slashed in half; but a second had him by the thigh, a third gripped his collar be- hind, and a fourth had the blade of the sword between its teeth, tasting its own blood.','2020-10-13 03:03:20'),('bu2hhtti7nd3jf31og60','bu2hhtti7nd3jf31og2g',4,'But what sort of language would we have the world speak, if we were told the miracle of Babel was presently to be reversed?','2020-10-13 03:03:20'),('bu2hhtti7nd3jf31og6g','bu2hhtti7nd3jf31og2g',1,'And with that he went off to see my father, taking me with him by the arm.','2020-10-13 03:03:20'),('bu2hhtti7nd3jf31og70','bu2hhtti7nd3jf31og2g',2,'The Nellie, a cruising yawl, swung to her anchor without a flutter of the sails, and was at rest.','2020-10-13 03:03:20'),('bu2hhtti7nd3jf31og7g','bu2hhtti7nd3jf31og2g',1,'The sun set; the dusk fell on the stream, and lights began to appear along the shore. The Chapman light–house, a three–legged thing erect on a mud–flat, shone strongly.','2020-10-13 03:03:20'),('bu2hhtti7nd3jf31og80','bu2hhtti7nd3jf31og2g',3,'And with that he went off to see my father, taking me with him by the arm.','2020-10-13 03:03:20'),('bu2hhtti7nd3jf31og8g','bu2hhtti7nd3jf31og2g',3,'He completely abandoned the child of his marriage with Adelaida Ivanovna, not from malice, nor because of his matrimoni- al grievances, but simply because he forgot him.','2020-10-13 03:03:20'),('bu2hhtti7nd3jf31og9g','bu2hhtti7nd3jf31og90',1,'The sun set; the dusk fell on the stream, and lights began to appear along the shore. The Chapman light–house, a three–legged thing erect on a mud–flat, shone strongly.','2020-10-13 03:03:20'),('bu2hhtti7nd3jf31oga0','bu2hhtti7nd3jf31og90',1,'Then followed a battle of looks between them, but the captain soon knuckled under, put up his weapon, and resumed his seat, grumbling like a beaten dog.','2020-10-13 03:03:20'),('bu2hhtti7nd3jf31ogag','bu2hhtti7nd3jf31og90',1,'Have I come to Utopia to hear this sort of thing?','2020-10-13 03:03:20'),('bu2hhtti7nd3jf31ogb0','bu2hhtti7nd3jf31og90',3,'She stared at him in astonishment, and as she read something of the significant hieroglyphic of his battered face, her lips whitened.','2020-10-13 03:03:20'),('bu2hhtti7nd3jf31ogbg','bu2hhtti7nd3jf31og90',4,'He completely abandoned the child of his marriage with Adelaida Ivanovna, not from malice, nor because of his matrimoni- al grievances, but simply because he forgot him.','2020-10-13 03:03:20'),('bu2hhtti7nd3jf31ogc0','bu2hhtti7nd3jf31og90',4,'She stared at him in astonishment, and as she read something of the significant hieroglyphic of his battered face, her lips whitened.','2020-10-13 03:03:20'),('bu2hhtti7nd3jf31ogcg','bu2hhtti7nd3jf31og90',2,'It was at this time that the meeting, or, rather gathering of the mem- bers of this inharmonious family took place in the cell of the elder who had such an extraordinary influence on Alyosha.','2020-10-13 03:03:20'),('bu2hhtti7nd3jf31ogd0','bu2hhtti7nd3jf31og90',3,'I protest, even warmly, that neither he nor his sorrows were in my intention.','2020-10-13 03:03:20'),('bu2hhtti7nd3jf31ogdg','bu2hhtti7nd3jf31og90',5,'It was at this time that the meeting, or, rather gathering of the mem- bers of this inharmonious family took place in the cell of the elder who had such an extraordinary influence on Alyosha.','2020-10-13 03:03:20'),('bu2hhtti7nd3jf31oge0','bu2hhtti7nd3jf31og90',3,'He completely abandoned the child of his marriage with Adelaida Ivanovna, not from malice, nor because of his matrimoni- al grievances, but simply because he forgot him.','2020-10-13 03:03:20'),('bu2hhtti7nd3jf31ogeg','bu2hhtti7nd3jf31og90',3,'He completely abandoned the child of his marriage with Adelaida Ivanovna, not from malice, nor because of his matrimoni- al grievances, but simply because he forgot him.','2020-10-13 03:03:20'),('bu2hhtti7nd3jf31ogf0','bu2hhtti7nd3jf31og90',3,'I am all in a sea of wonders. I doubt; I fear; I think strange things, which I dare not confess to my own soul. God keep me, if only for the sake of those dear to me!','2020-10-13 03:03:20'),('bu2hhtti7nd3jf31ogg0','bu2hhtti7nd3jf31ogfg',5,'It is a truth universally acknowledged, that a single man in possession of a good fortune, must be in want of a wife.','2020-10-13 03:03:20'),('bu2hhtti7nd3jf31oggg','bu2hhtti7nd3jf31ogfg',2,'It is no doubt an optimistic enterprise. But it is good for awhile to be free from the carping note that must needs be audible when we discuss our present imperfections, to release ourselves from practical difficulties and the tangle of ways and means. It is good to stop by the track for a space, put aside the knapsack, wipe the brows, and talk a little of the upper slopes of the mountain we think we are climbing, would but the trees let us see it','2020-10-13 03:03:20'),('bu2hhtti7nd3jf31ogh0','bu2hhtti7nd3jf31ogfg',3,'I am all in a sea of wonders. I doubt; I fear; I think strange things, which I dare not confess to my own soul. God keep me, if only for the sake of those dear to me!','2020-10-13 03:03:20'),('bu2hhtti7nd3jf31oghg','bu2hhtti7nd3jf31ogfg',2,'Have I come to Utopia to hear this sort of thing?','2020-10-13 03:03:20'),('bu2hhtti7nd3jf31ogi0','bu2hhtti7nd3jf31ogfg',5,'He spoke of the happiness that was now certainly theirs, of the folly of not breaking sooner out of that magnificent prison of latter-day life, of the old romantic days that had passed from the world for ever.','2020-10-13 03:03:20'),('bu2hhtti7nd3jf31ogig','bu2hhtti7nd3jf31ogfg',2,'The secular cooling that must someday overtake our planet has already gone far indeed with our neighbour.','2020-10-13 03:03:20'),('bu2hhtti7nd3jf31ogj0','bu2hhtti7nd3jf31ogfg',1,'Have I come to Utopia to hear this sort of thing?','2020-10-13 03:03:20'),('bu2hhtti7nd3jf31ogjg','bu2hhtti7nd3jf31ogfg',4,'I protest, even warmly, that neither he nor his sorrows were in my intention.','2020-10-13 03:03:20'),('bu2hhtti7nd3jf31ogk0','bu2hhtti7nd3jf31ogfg',2,'One dog rolled before him, well-nigh slashed in half; but a second had him by the thigh, a third gripped his collar be- hind, and a fourth had the blade of the sword between its teeth, tasting its own blood.','2020-10-13 03:03:20'),('bu2hhtti7nd3jf31ogkg','bu2hhtti7nd3jf31ogfg',5,'I protest, even warmly, that neither he nor his sorrows were in my intention.','2020-10-13 03:03:20'),('bu2hhtti7nd3jf31ogl0','bu2hhtti7nd3jf31ogfg',2,'The Nellie, a cruising yawl, swung to her anchor without a flutter of the sails, and was at rest.','2020-10-13 03:03:20'),('bu2hhtti7nd3jf31oglg','bu2hhtti7nd3jf31ogfg',3,'But what sort of language would we have the world speak, if we were told the miracle of Babel was presently to be reversed?','2020-10-13 03:03:20'),('bu2hi0li7nd0j33agcjg','bu2hi0li7nd0j33agcj0',3,'I am all in a sea of wonders. I doubt; I fear; I think strange things, which I dare not confess to my own soul. God keep me, if only for the sake of those dear to me!','2020-10-13 03:03:30'),('bu2hi0li7nd0j33agck0','bu2hi0li7nd0j33agcj0',5,'I protest, even warmly, that neither he nor his sorrows were in my intention.','2020-10-13 03:03:30'),('bu2hi0li7nd0j33agckg','bu2hi0li7nd0j33agcj0',2,'I protest, even warmly, that neither he nor his sorrows were in my intention.','2020-10-13 03:03:30'),('bu2hi0li7nd0j33agcl0','bu2hi0li7nd0j33agcj0',4,'I am all in a sea of wonders. I doubt; I fear; I think strange things, which I dare not confess to my own soul. God keep me, if only for the sake of those dear to me!','2020-10-13 03:03:30'),('bu2hi0li7nd0j33agclg','bu2hi0li7nd0j33agcj0',1,'It is no doubt an optimistic enterprise. But it is good for awhile to be free from the carping note that must needs be audible when we discuss our present imperfections, to release ourselves from practical difficulties and the tangle of ways and means. It is good to stop by the track for a space, put aside the knapsack, wipe the brows, and talk a little of the upper slopes of the mountain we think we are climbing, would but the trees let us see it','2020-10-13 03:03:30'),('bu2hi0li7nd0j33agcm0','bu2hi0li7nd0j33agcj0',1,'The secular cooling that must someday overtake our planet has already gone far indeed with our neighbour.','2020-10-13 03:03:30'),('bu2hi0li7nd0j33agcmg','bu2hi0li7nd0j33agcj0',2,'Then followed a battle of looks between them, but the captain soon knuckled under, put up his weapon, and resumed his seat, grumbling like a beaten dog.','2020-10-13 03:03:30'),('bu2hi0li7nd0j33agcn0','bu2hi0li7nd0j33agcj0',1,'Then followed a battle of looks between them, but the captain soon knuckled under, put up his weapon, and resumed his seat, grumbling like a beaten dog.','2020-10-13 03:03:30'),('bu2hi0li7nd0j33agcng','bu2hi0li7nd0j33agcj0',5,'The Nellie, a cruising yawl, swung to her anchor without a flutter of the sails, and was at rest.','2020-10-13 03:03:30'),('bu2hi0li7nd0j33agco0','bu2hi0li7nd0j33agcj0',2,'The sun set; the dusk fell on the stream, and lights began to appear along the shore. The Chapman light–house, a three–legged thing erect on a mud–flat, shone strongly.','2020-10-13 03:03:30'),('bu2hi0li7nd0j33agcog','bu2hi0li7nd0j33agcj0',3,'And with that he went off to see my father, taking me with him by the arm.','2020-10-13 03:03:30'),('bu2hi0li7nd0j33agcp0','bu2hi0li7nd0j33agcj0',5,'He spoke of the happiness that was now certainly theirs, of the folly of not breaking sooner out of that magnificent prison of latter-day life, of the old romantic days that had passed from the world for ever.','2020-10-13 03:03:30'),('bu2hi0li7nd0j33agcq0','bu2hi0li7nd0j33agcpg',5,'The secular cooling that must someday overtake our planet has already gone far indeed with our neighbour.','2020-10-13 03:03:30'),('bu2hi0li7nd0j33agcqg','bu2hi0li7nd0j33agcpg',2,'It is no doubt an optimistic enterprise. But it is good for awhile to be free from the carping note that must needs be audible when we discuss our present imperfections, to release ourselves from practical difficulties and the tangle of ways and means. It is good to stop by the track for a space, put aside the knapsack, wipe the brows, and talk a little of the upper slopes of the mountain we think we are climbing, would but the trees let us see it','2020-10-13 03:03:30'),('bu2hi0li7nd0j33agcr0','bu2hi0li7nd0j33agcpg',1,'Then followed a battle of looks between them, but the captain soon knuckled under, put up his weapon, and resumed his seat, grumbling like a beaten dog.','2020-10-13 03:03:30'),('bu2hi0li7nd0j33agcrg','bu2hi0li7nd0j33agcpg',3,'I protest, even warmly, that neither he nor his sorrows were in my intention.','2020-10-13 03:03:30'),('bu2hi0li7nd0j33agcs0','bu2hi0li7nd0j33agcpg',2,'Have I come to Utopia to hear this sort of thing?','2020-10-13 03:03:30'),('bu2hi0li7nd0j33agcsg','bu2hi0li7nd0j33agcpg',1,'The Nellie, a cruising yawl, swung to her anchor without a flutter of the sails, and was at rest.','2020-10-13 03:03:30'),('bu2hi0li7nd0j33agct0','bu2hi0li7nd0j33agcpg',2,'The sun set; the dusk fell on the stream, and lights began to appear along the shore. The Chapman light–house, a three–legged thing erect on a mud–flat, shone strongly.','2020-10-13 03:03:30'),('bu2hi0li7nd0j33agctg','bu2hi0li7nd0j33agcpg',4,'But what sort of language would we have the world speak, if we were told the miracle of Babel was presently to be reversed?','2020-10-13 03:03:30'),('bu2hi0li7nd0j33agcu0','bu2hi0li7nd0j33agcpg',4,'He completely abandoned the child of his marriage with Adelaida Ivanovna, not from malice, nor because of his matrimoni- al grievances, but simply because he forgot him.','2020-10-13 03:03:30'),('bu2hi0li7nd0j33agcug','bu2hi0li7nd0j33agcpg',3,'She stared at him in astonishment, and as she read something of the significant hieroglyphic of his battered face, her lips whitened.','2020-10-13 03:03:30'),('bu2hi0li7nd0j33agcv0','bu2hi0li7nd0j33agcpg',3,'And with that he went off to see my father, taking me with him by the arm.','2020-10-13 03:03:30'),('bu2hi0li7nd0j33agcvg','bu2hi0li7nd0j33agcpg',3,'Have I come to Utopia to hear this sort of thing?','2020-10-13 03:03:30'),('bu2hi0li7nd0j33agd0g','bu2hi0li7nd0j33agd00',1,'But what sort of language would we have the world speak, if we were told the miracle of Babel was presently to be reversed?','2020-10-13 03:03:30'),('bu2hi0li7nd0j33agd10','bu2hi0li7nd0j33agd00',1,'He completely abandoned the child of his marriage with Adelaida Ivanovna, not from malice, nor because of his matrimoni- al grievances, but simply because he forgot him.','2020-10-13 03:03:30'),('bu2hi0li7nd0j33agd1g','bu2hi0li7nd0j33agd00',2,'He completely abandoned the child of his marriage with Adelaida Ivanovna, not from malice, nor because of his matrimoni- al grievances, but simply because he forgot him.','2020-10-13 03:03:30'),('bu2hi0li7nd0j33agd20','bu2hi0li7nd0j33agd00',4,'I protest, even warmly, that neither he nor his sorrows were in my intention.','2020-10-13 03:03:30'),('bu2hi0li7nd0j33agd2g','bu2hi0li7nd0j33agd00',3,'One dog rolled before him, well-nigh slashed in half; but a second had him by the thigh, a third gripped his collar be- hind, and a fourth had the blade of the sword between its teeth, tasting its own blood.','2020-10-13 03:03:30'),('bu2hi0li7nd0j33agd30','bu2hi0li7nd0j33agd00',2,'Near it in the field, I remember, were three faint points of light, three telescopic stars infinitely remote, and all around it was the unfathomable darkness of empty space.','2020-10-13 03:03:30'),('bu2hi0li7nd0j33agd3g','bu2hi0li7nd0j33agd00',5,'One dog rolled before him, well-nigh slashed in half; but a second had him by the thigh, a third gripped his collar be- hind, and a fourth had the blade of the sword between its teeth, tasting its own blood.','2020-10-13 03:03:31'),('bu2hi0li7nd0j33agd40','bu2hi0li7nd0j33agd00',2,'The Nellie, a cruising yawl, swung to her anchor without a flutter of the sails, and was at rest.','2020-10-13 03:03:31'),('bu2hi0li7nd0j33agd4g','bu2hi0li7nd0j33agd00',3,'It is a truth universally acknowledged, that a single man in possession of a good fortune, must be in want of a wife.','2020-10-13 03:03:31'),('bu2hi0li7nd0j33agd50','bu2hi0li7nd0j33agd00',2,'And with that he went off to see my father, taking me with him by the arm.','2020-10-13 03:03:31'),('bu2hi0li7nd0j33agd5g','bu2hi0li7nd0j33agd00',1,'I am all in a sea of wonders. I doubt; I fear; I think strange things, which I dare not confess to my own soul. God keep me, if only for the sake of those dear to me!','2020-10-13 03:03:31'),('bu2hi0li7nd0j33agd60','bu2hi0li7nd0j33agd00',2,'Near it in the field, I remember, were three faint points of light, three telescopic stars infinitely remote, and all around it was the unfathomable darkness of empty space.','2020-10-13 03:03:31'),('bu2hi0li7nd0j33agd70','bu2hi0li7nd0j33agd6g',1,'I protest, even warmly, that neither he nor his sorrows were in my intention.','2020-10-13 03:03:31'),('bu2hi0li7nd0j33agd7g','bu2hi0li7nd0j33agd6g',5,'Have I come to Utopia to hear this sort of thing?','2020-10-13 03:03:31'),('bu2hi0li7nd0j33agd80','bu2hi0li7nd0j33agd6g',4,'And with that he went off to see my father, taking me with him by the arm.','2020-10-13 03:03:31'),('bu2hi0li7nd0j33agd8g','bu2hi0li7nd0j33agd6g',4,'And with that he went off to see my father, taking me with him by the arm.','2020-10-13 03:03:31'),('bu2hi0li7nd0j33agd90','bu2hi0li7nd0j33agd6g',3,'The sun set; the dusk fell on the stream, and lights began to appear along the shore. The Chapman light–house, a three–legged thing erect on a mud–flat, shone strongly.','2020-10-13 03:03:31'),('bu2hi0li7nd0j33agd9g','bu2hi0li7nd0j33agd6g',4,'It was at this time that the meeting, or, rather gathering of the mem- bers of this inharmonious family took place in the cell of the elder who had such an extraordinary influence on Alyosha.','2020-10-13 03:03:31'),('bu2hi0li7nd0j33agda0','bu2hi0li7nd0j33agd6g',5,'One dog rolled before him, well-nigh slashed in half; but a second had him by the thigh, a third gripped his collar be- hind, and a fourth had the blade of the sword between its teeth, tasting its own blood.','2020-10-13 03:03:31'),('bu2hi0li7nd0j33agdag','bu2hi0li7nd0j33agd6g',5,'He spoke of the happiness that was now certainly theirs, of the folly of not breaking sooner out of that magnificent prison of latter-day life, of the old romantic days that had passed from the world for ever.','2020-10-13 03:03:31'),('bu2hi0li7nd0j33agdb0','bu2hi0li7nd0j33agd6g',4,'But what sort of language would we have the world speak, if we were told the miracle of Babel was presently to be reversed?','2020-10-13 03:03:31'),('bu2hi0li7nd0j33agdbg','bu2hi0li7nd0j33agd6g',3,'One dog rolled before him, well-nigh slashed in half; but a second had him by the thigh, a third gripped his collar be- hind, and a fourth had the blade of the sword between its teeth, tasting its own blood.','2020-10-13 03:03:31'),('bu2hi0li7nd0j33agdc0','bu2hi0li7nd0j33agd6g',2,'She stared at him in astonishment, and as she read something of the significant hieroglyphic of his battered face, her lips whitened.','2020-10-13 03:03:31'),('bu2hi0li7nd0j33agdcg','bu2hi0li7nd0j33agd6g',5,'The sun set; the dusk fell on the stream, and lights began to appear along the shore. The Chapman light–house, a three–legged thing erect on a mud–flat, shone strongly.','2020-10-13 03:03:31'),('bu2hi0li7nd0j33agddg','bu2hi0li7nd0j33agdd0',1,'And with that he went off to see my father, taking me with him by the arm.','2020-10-13 03:03:31'),('bu2hi0li7nd0j33agde0','bu2hi0li7nd0j33agdd0',1,'Have I come to Utopia to hear this sort of thing?','2020-10-13 03:03:31'),('bu2hi0li7nd0j33agdeg','bu2hi0li7nd0j33agdd0',4,'The secular cooling that must someday overtake our planet has already gone far indeed with our neighbour.','2020-10-13 03:03:31'),('bu2hi0li7nd0j33agdf0','bu2hi0li7nd0j33agdd0',4,'He completely abandoned the child of his marriage with Adelaida Ivanovna, not from malice, nor because of his matrimoni- al grievances, but simply because he forgot him.','2020-10-13 03:03:31'),('bu2hi0li7nd0j33agdfg','bu2hi0li7nd0j33agdd0',4,'It is no doubt an optimistic enterprise. But it is good for awhile to be free from the carping note that must needs be audible when we discuss our present imperfections, to release ourselves from practical difficulties and the tangle of ways and means. It is good to stop by the track for a space, put aside the knapsack, wipe the brows, and talk a little of the upper slopes of the mountain we think we are climbing, would but the trees let us see it','2020-10-13 03:03:31'),('bu2hi0li7nd0j33agdg0','bu2hi0li7nd0j33agdd0',1,'The Nellie, a cruising yawl, swung to her anchor without a flutter of the sails, and was at rest.','2020-10-13 03:03:31'),('bu2hi0li7nd0j33agdgg','bu2hi0li7nd0j33agdd0',2,'And with that he went off to see my father, taking me with him by the arm.','2020-10-13 03:03:31'),('bu2hi0li7nd0j33agdh0','bu2hi0li7nd0j33agdd0',1,'I am all in a sea of wonders. I doubt; I fear; I think strange things, which I dare not confess to my own soul. God keep me, if only for the sake of those dear to me!','2020-10-13 03:03:31'),('bu2hi0li7nd0j33agdhg','bu2hi0li7nd0j33agdd0',1,'I protest, even warmly, that neither he nor his sorrows were in my intention.','2020-10-13 03:03:31'),('bu2hi0li7nd0j33agdi0','bu2hi0li7nd0j33agdd0',2,'I protest, even warmly, that neither he nor his sorrows were in my intention.','2020-10-13 03:03:31'),('bu2hi0li7nd0j33agdig','bu2hi0li7nd0j33agdd0',2,'Then followed a battle of looks between them, but the captain soon knuckled under, put up his weapon, and resumed his seat, grumbling like a beaten dog.','2020-10-13 03:03:31'),('bu2hi0li7nd0j33agdj0','bu2hi0li7nd0j33agdd0',4,'Have I come to Utopia to hear this sort of thing?','2020-10-13 03:03:31'),('bu2hi0li7nd0j33agdk0','bu2hi0li7nd0j33agdjg',3,'Have I come to Utopia to hear this sort of thing?','2020-10-13 03:03:31'),('bu2hi0li7nd0j33agdkg','bu2hi0li7nd0j33agdjg',4,'It was at this time that the meeting, or, rather gathering of the mem- bers of this inharmonious family took place in the cell of the elder who had such an extraordinary influence on Alyosha.','2020-10-13 03:03:31'),('bu2hi0li7nd0j33agdl0','bu2hi0li7nd0j33agdjg',2,'The Nellie, a cruising yawl, swung to her anchor without a flutter of the sails, and was at rest.','2020-10-13 03:03:31'),('bu2hi0li7nd0j33agdlg','bu2hi0li7nd0j33agdjg',4,'She stared at him in astonishment, and as she read something of the significant hieroglyphic of his battered face, her lips whitened.','2020-10-13 03:03:31'),('bu2hi0li7nd0j33agdm0','bu2hi0li7nd0j33agdjg',2,'Near it in the field, I remember, were three faint points of light, three telescopic stars infinitely remote, and all around it was the unfathomable darkness of empty space.','2020-10-13 03:03:31'),('bu2hi0li7nd0j33agdmg','bu2hi0li7nd0j33agdjg',3,'It is a truth universally acknowledged, that a single man in possession of a good fortune, must be in want of a wife.','2020-10-13 03:03:31'),('bu2hi0li7nd0j33agdn0','bu2hi0li7nd0j33agdjg',4,'It was at this time that the meeting, or, rather gathering of the mem- bers of this inharmonious family took place in the cell of the elder who had such an extraordinary influence on Alyosha.','2020-10-13 03:03:31'),('bu2hi0li7nd0j33agdng','bu2hi0li7nd0j33agdjg',3,'I am all in a sea of wonders. I doubt; I fear; I think strange things, which I dare not confess to my own soul. God keep me, if only for the sake of those dear to me!','2020-10-13 03:03:31'),('bu2hi0li7nd0j33agdo0','bu2hi0li7nd0j33agdjg',5,'One dog rolled before him, well-nigh slashed in half; but a second had him by the thigh, a third gripped his collar be- hind, and a fourth had the blade of the sword between its teeth, tasting its own blood.','2020-10-13 03:03:31'),('bu2hi0li7nd0j33agdog','bu2hi0li7nd0j33agdjg',3,'One dog rolled before him, well-nigh slashed in half; but a second had him by the thigh, a third gripped his collar be- hind, and a fourth had the blade of the sword between its teeth, tasting its own blood.','2020-10-13 03:03:31'),('bu2hi0li7nd0j33agdp0','bu2hi0li7nd0j33agdjg',4,'The secular cooling that must someday overtake our planet has already gone far indeed with our neighbour.','2020-10-13 03:03:31'),('bu2hi0li7nd0j33agdpg','bu2hi0li7nd0j33agdjg',2,'It was at this time that the meeting, or, rather gathering of the mem- bers of this inharmonious family took place in the cell of the elder who had such an extraordinary influence on Alyosha.','2020-10-13 03:03:31'),('bu2hi0li7nd0j33agdqg','bu2hi0li7nd0j33agdq0',4,'I am all in a sea of wonders. I doubt; I fear; I think strange things, which I dare not confess to my own soul. God keep me, if only for the sake of those dear to me!','2020-10-13 03:03:31'),('bu2hi0li7nd0j33agdr0','bu2hi0li7nd0j33agdq0',4,'The Nellie, a cruising yawl, swung to her anchor without a flutter of the sails, and was at rest.','2020-10-13 03:03:31'),('bu2hi0li7nd0j33agdrg','bu2hi0li7nd0j33agdq0',3,'It was at this time that the meeting, or, rather gathering of the mem- bers of this inharmonious family took place in the cell of the elder who had such an extraordinary influence on Alyosha.','2020-10-13 03:03:31'),('bu2hi0li7nd0j33agds0','bu2hi0li7nd0j33agdq0',4,'But what sort of language would we have the world speak, if we were told the miracle of Babel was presently to be reversed?','2020-10-13 03:03:31'),('bu2hi0li7nd0j33agdsg','bu2hi0li7nd0j33agdq0',2,'I protest, even warmly, that neither he nor his sorrows were in my intention.','2020-10-13 03:03:31'),('bu2hi0li7nd0j33agdt0','bu2hi0li7nd0j33agdq0',5,'He completely abandoned the child of his marriage with Adelaida Ivanovna, not from malice, nor because of his matrimoni- al grievances, but simply because he forgot him.','2020-10-13 03:03:31'),('bu2hi0li7nd0j33agdtg','bu2hi0li7nd0j33agdq0',4,'The secular cooling that must someday overtake our planet has already gone far indeed with our neighbour.','2020-10-13 03:03:31'),('bu2hi0li7nd0j33agdu0','bu2hi0li7nd0j33agdq0',4,'It is a truth universally acknowledged, that a single man in possession of a good fortune, must be in want of a wife.','2020-10-13 03:03:31'),('bu2hi0li7nd0j33agdug','bu2hi0li7nd0j33agdq0',2,'The secular cooling that must someday overtake our planet has already gone far indeed with our neighbour.','2020-10-13 03:03:31'),('bu2hi0li7nd0j33agdv0','bu2hi0li7nd0j33agdq0',3,'He completely abandoned the child of his marriage with Adelaida Ivanovna, not from malice, nor because of his matrimoni- al grievances, but simply because he forgot him.','2020-10-13 03:03:31'),('bu2hi0li7nd0j33agdvg','bu2hi0li7nd0j33agdq0',4,'One dog rolled before him, well-nigh slashed in half; but a second had him by the thigh, a third gripped his collar be- hind, and a fourth had the blade of the sword between its teeth, tasting its own blood.','2020-10-13 03:03:31'),('bu2hi0li7nd0j33age00','bu2hi0li7nd0j33agdq0',2,'I am all in a sea of wonders. I doubt; I fear; I think strange things, which I dare not confess to my own soul. God keep me, if only for the sake of those dear to me!','2020-10-13 03:03:31'),('bu2hi0li7nd0j33age10','bu2hi0li7nd0j33age0g',3,'And with that he went off to see my father, taking me with him by the arm.','2020-10-13 03:03:31'),('bu2hi0li7nd0j33age1g','bu2hi0li7nd0j33age0g',1,'The secular cooling that must someday overtake our planet has already gone far indeed with our neighbour.','2020-10-13 03:03:31'),('bu2hi0li7nd0j33age20','bu2hi0li7nd0j33age0g',4,'It was at this time that the meeting, or, rather gathering of the mem- bers of this inharmonious family took place in the cell of the elder who had such an extraordinary influence on Alyosha.','2020-10-13 03:03:31'),('bu2hi0li7nd0j33age2g','bu2hi0li7nd0j33age0g',3,'Near it in the field, I remember, were three faint points of light, three telescopic stars infinitely remote, and all around it was the unfathomable darkness of empty space.','2020-10-13 03:03:31'),('bu2hi0li7nd0j33age30','bu2hi0li7nd0j33age0g',4,'He completely abandoned the child of his marriage with Adelaida Ivanovna, not from malice, nor because of his matrimoni- al grievances, but simply because he forgot him.','2020-10-13 03:03:31'),('bu2hi0li7nd0j33age3g','bu2hi0li7nd0j33age0g',1,'She stared at him in astonishment, and as she read something of the significant hieroglyphic of his battered face, her lips whitened.','2020-10-13 03:03:31'),('bu2hi0li7nd0j33age40','bu2hi0li7nd0j33age0g',4,'Then followed a battle of looks between them, but the captain soon knuckled under, put up his weapon, and resumed his seat, grumbling like a beaten dog.','2020-10-13 03:03:31'),('bu2hi0li7nd0j33age4g','bu2hi0li7nd0j33age0g',1,'She stared at him in astonishment, and as she read something of the significant hieroglyphic of his battered face, her lips whitened.','2020-10-13 03:03:31'),('bu2hi0li7nd0j33age50','bu2hi0li7nd0j33age0g',2,'Near it in the field, I remember, were three faint points of light, three telescopic stars infinitely remote, and all around it was the unfathomable darkness of empty space.','2020-10-13 03:03:31'),('bu2hi0li7nd0j33age5g','bu2hi0li7nd0j33age0g',1,'It is no doubt an optimistic enterprise. But it is good for awhile to be free from the carping note that must needs be audible when we discuss our present imperfections, to release ourselves from practical difficulties and the tangle of ways and means. It is good to stop by the track for a space, put aside the knapsack, wipe the brows, and talk a little of the upper slopes of the mountain we think we are climbing, would but the trees let us see it','2020-10-13 03:03:31'),('bu2hi0li7nd0j33age60','bu2hi0li7nd0j33age0g',3,'It is no doubt an optimistic enterprise. But it is good for awhile to be free from the carping note that must needs be audible when we discuss our present imperfections, to release ourselves from practical difficulties and the tangle of ways and means. It is good to stop by the track for a space, put aside the knapsack, wipe the brows, and talk a little of the upper slopes of the mountain we think we are climbing, would but the trees let us see it','2020-10-13 03:03:31'),('bu2hi0li7nd0j33age6g','bu2hi0li7nd0j33age0g',3,'It is no doubt an optimistic enterprise. But it is good for awhile to be free from the carping note that must needs be audible when we discuss our present imperfections, to release ourselves from practical difficulties and the tangle of ways and means. It is good to stop by the track for a space, put aside the knapsack, wipe the brows, and talk a little of the upper slopes of the mountain we think we are climbing, would but the trees let us see it','2020-10-13 03:03:31'),('bu2hi0li7nd0j33age7g','bu2hi0li7nd0j33age70',1,'The Nellie, a cruising yawl, swung to her anchor without a flutter of the sails, and was at rest.','2020-10-13 03:03:31'),('bu2hi0li7nd0j33age80','bu2hi0li7nd0j33age70',1,'He spoke of the happiness that was now certainly theirs, of the folly of not breaking sooner out of that magnificent prison of latter-day life, of the old romantic days that had passed from the world for ever.','2020-10-13 03:03:31'),('bu2hi0li7nd0j33age8g','bu2hi0li7nd0j33age70',1,'She stared at him in astonishment, and as she read something of the significant hieroglyphic of his battered face, her lips whitened.','2020-10-13 03:03:31'),('bu2hi0li7nd0j33age90','bu2hi0li7nd0j33age70',3,'It was at this time that the meeting, or, rather gathering of the mem- bers of this inharmonious family took place in the cell of the elder who had such an extraordinary influence on Alyosha.','2020-10-13 03:03:31'),('bu2hi0li7nd0j33age9g','bu2hi0li7nd0j33age70',4,'The sun set; the dusk fell on the stream, and lights began to appear along the shore. The Chapman light–house, a three–legged thing erect on a mud–flat, shone strongly.','2020-10-13 03:03:31'),('bu2hi0li7nd0j33agea0','bu2hi0li7nd0j33age70',4,'It is a truth universally acknowledged, that a single man in possession of a good fortune, must be in want of a wife.','2020-10-13 03:03:31'),('bu2hi0li7nd0j33ageag','bu2hi0li7nd0j33age70',2,'The sun set; the dusk fell on the stream, and lights began to appear along the shore. The Chapman light–house, a three–legged thing erect on a mud–flat, shone strongly.','2020-10-13 03:03:31'),('bu2hi0li7nd0j33ageb0','bu2hi0li7nd0j33age70',3,'The Nellie, a cruising yawl, swung to her anchor without a flutter of the sails, and was at rest.','2020-10-13 03:03:31'),('bu2hi0li7nd0j33agebg','bu2hi0li7nd0j33age70',5,'Have I come to Utopia to hear this sort of thing?','2020-10-13 03:03:31'),('bu2hi0li7nd0j33agec0','bu2hi0li7nd0j33age70',3,'I protest, even warmly, that neither he nor his sorrows were in my intention.','2020-10-13 03:03:31'),('bu2hi0li7nd0j33agecg','bu2hi0li7nd0j33age70',3,'But what sort of language would we have the world speak, if we were told the miracle of Babel was presently to be reversed?','2020-10-13 03:03:31'),('bu2hi0li7nd0j33aged0','bu2hi0li7nd0j33age70',3,'I protest, even warmly, that neither he nor his sorrows were in my intention.','2020-10-13 03:03:31'),('bu2hi0ti7nd0j33agee0','bu2hi0li7nd0j33agedg',5,'It is a truth universally acknowledged, that a single man in possession of a good fortune, must be in want of a wife.','2020-10-13 03:03:31'),('bu2hi0ti7nd0j33ageeg','bu2hi0li7nd0j33agedg',2,'The sun set; the dusk fell on the stream, and lights began to appear along the shore. The Chapman light–house, a three–legged thing erect on a mud–flat, shone strongly.','2020-10-13 03:03:31'),('bu2hi0ti7nd0j33agef0','bu2hi0li7nd0j33agedg',3,'The secular cooling that must someday overtake our planet has already gone far indeed with our neighbour.','2020-10-13 03:03:31'),('bu2hi0ti7nd0j33agefg','bu2hi0li7nd0j33agedg',2,'The Nellie, a cruising yawl, swung to her anchor without a flutter of the sails, and was at rest.','2020-10-13 03:03:31'),('bu2hi0ti7nd0j33ageg0','bu2hi0li7nd0j33agedg',5,'And with that he went off to see my father, taking me with him by the arm.','2020-10-13 03:03:31'),('bu2hi0ti7nd0j33agegg','bu2hi0li7nd0j33agedg',2,'It is no doubt an optimistic enterprise. But it is good for awhile to be free from the carping note that must needs be audible when we discuss our present imperfections, to release ourselves from practical difficulties and the tangle of ways and means. It is good to stop by the track for a space, put aside the knapsack, wipe the brows, and talk a little of the upper slopes of the mountain we think we are climbing, would but the trees let us see it','2020-10-13 03:03:31'),('bu2hi0ti7nd0j33ageh0','bu2hi0li7nd0j33agedg',1,'He spoke of the happiness that was now certainly theirs, of the folly of not breaking sooner out of that magnificent prison of latter-day life, of the old romantic days that had passed from the world for ever.','2020-10-13 03:03:31'),('bu2hi0ti7nd0j33agehg','bu2hi0li7nd0j33agedg',4,'The secular cooling that must someday overtake our planet has already gone far indeed with our neighbour.','2020-10-13 03:03:31'),('bu2hi0ti7nd0j33agei0','bu2hi0li7nd0j33agedg',2,'He spoke of the happiness that was now certainly theirs, of the folly of not breaking sooner out of that magnificent prison of latter-day life, of the old romantic days that had passed from the world for ever.','2020-10-13 03:03:31'),('bu2hi0ti7nd0j33ageig','bu2hi0li7nd0j33agedg',5,'One dog rolled before him, well-nigh slashed in half; but a second had him by the thigh, a third gripped his collar be- hind, and a fourth had the blade of the sword between its teeth, tasting its own blood.','2020-10-13 03:03:31'),('bu2hi0ti7nd0j33agej0','bu2hi0li7nd0j33agedg',2,'He completely abandoned the child of his marriage with Adelaida Ivanovna, not from malice, nor because of his matrimoni- al grievances, but simply because he forgot him.','2020-10-13 03:03:31'),('bu2hi0ti7nd0j33agejg','bu2hi0li7nd0j33agedg',3,'I am all in a sea of wonders. I doubt; I fear; I think strange things, which I dare not confess to my own soul. God keep me, if only for the sake of those dear to me!','2020-10-13 03:03:31'),('bu2hilli7nd3s22bpcl0','bu2hilli7nd3s22bpckg',3,'It was at this time that the meeting, or, rather gathering of the mem- bers of this inharmonious family took place in the cell of the elder who had such an extraordinary influence on Alyosha.','2020-10-13 03:04:55'),('bu2hilli7nd3s22bpclg','bu2hilli7nd3s22bpckg',5,'I protest, even warmly, that neither he nor his sorrows were in my intention.','2020-10-13 03:04:55'),('bu2hilli7nd3s22bpcm0','bu2hilli7nd3s22bpckg',2,'The Nellie, a cruising yawl, swung to her anchor without a flutter of the sails, and was at rest.','2020-10-13 03:04:55'),('bu2hilli7nd3s22bpcmg','bu2hilli7nd3s22bpckg',4,'It was at this time that the meeting, or, rather gathering of the mem- bers of this inharmonious family took place in the cell of the elder who had such an extraordinary influence on Alyosha.','2020-10-13 03:04:55'),('bu2hilli7nd3s22bpcn0','bu2hilli7nd3s22bpckg',1,'But what sort of language would we have the world speak, if we were told the miracle of Babel was presently to be reversed?','2020-10-13 03:04:55'),('bu2hilli7nd3s22bpcng','bu2hilli7nd3s22bpckg',1,'One dog rolled before him, well-nigh slashed in half; but a second had him by the thigh, a third gripped his collar be- hind, and a fourth had the blade of the sword between its teeth, tasting its own blood.','2020-10-13 03:04:55'),('bu2hilli7nd3s22bpco0','bu2hilli7nd3s22bpckg',2,'Near it in the field, I remember, were three faint points of light, three telescopic stars infinitely remote, and all around it was the unfathomable darkness of empty space.','2020-10-13 03:04:55'),('bu2hilli7nd3s22bpcog','bu2hilli7nd3s22bpckg',1,'Near it in the field, I remember, were three faint points of light, three telescopic stars infinitely remote, and all around it was the unfathomable darkness of empty space.','2020-10-13 03:04:55'),('bu2hilli7nd3s22bpcp0','bu2hilli7nd3s22bpckg',5,'He completely abandoned the child of his marriage with Adelaida Ivanovna, not from malice, nor because of his matrimoni- al grievances, but simply because he forgot him.','2020-10-13 03:04:55'),('bu2hilli7nd3s22bpcpg','bu2hilli7nd3s22bpckg',2,'The secular cooling that must someday overtake our planet has already gone far indeed with our neighbour.','2020-10-13 03:04:55'),('bu2hilli7nd3s22bpcq0','bu2hilli7nd3s22bpckg',3,'And with that he went off to see my father, taking me with him by the arm.','2020-10-13 03:04:55'),('bu2hilli7nd3s22bpcqg','bu2hilli7nd3s22bpckg',5,'She stared at him in astonishment, and as she read something of the significant hieroglyphic of his battered face, her lips whitened.','2020-10-13 03:04:55'),('bu2hilli7nd3s22bpcrg','bu2hilli7nd3s22bpcr0',5,'The sun set; the dusk fell on the stream, and lights began to appear along the shore. The Chapman light–house, a three–legged thing erect on a mud–flat, shone strongly.','2020-10-13 03:04:55'),('bu2hilli7nd3s22bpcs0','bu2hilli7nd3s22bpcr0',2,'The secular cooling that must someday overtake our planet has already gone far indeed with our neighbour.','2020-10-13 03:04:55'),('bu2hilli7nd3s22bpcsg','bu2hilli7nd3s22bpcr0',1,'It was at this time that the meeting, or, rather gathering of the mem- bers of this inharmonious family took place in the cell of the elder who had such an extraordinary influence on Alyosha.','2020-10-13 03:04:55'),('bu2hilli7nd3s22bpct0','bu2hilli7nd3s22bpcr0',3,'The Nellie, a cruising yawl, swung to her anchor without a flutter of the sails, and was at rest.','2020-10-13 03:04:55'),('bu2hilli7nd3s22bpctg','bu2hilli7nd3s22bpcr0',2,'But what sort of language would we have the world speak, if we were told the miracle of Babel was presently to be reversed?','2020-10-13 03:04:55'),('bu2hilli7nd3s22bpcu0','bu2hilli7nd3s22bpcr0',1,'Have I come to Utopia to hear this sort of thing?','2020-10-13 03:04:55'),('bu2hilli7nd3s22bpcug','bu2hilli7nd3s22bpcr0',2,'I protest, even warmly, that neither he nor his sorrows were in my intention.','2020-10-13 03:04:55'),('bu2hilli7nd3s22bpcv0','bu2hilli7nd3s22bpcr0',4,'The sun set; the dusk fell on the stream, and lights began to appear along the shore. The Chapman light–house, a three–legged thing erect on a mud–flat, shone strongly.','2020-10-13 03:04:55'),('bu2hilli7nd3s22bpcvg','bu2hilli7nd3s22bpcr0',4,'She stared at him in astonishment, and as she read something of the significant hieroglyphic of his battered face, her lips whitened.','2020-10-13 03:04:55'),('bu2hilli7nd3s22bpd00','bu2hilli7nd3s22bpcr0',3,'Then followed a battle of looks between them, but the captain soon knuckled under, put up his weapon, and resumed his seat, grumbling like a beaten dog.','2020-10-13 03:04:55'),('bu2hilli7nd3s22bpd0g','bu2hilli7nd3s22bpcr0',3,'It is no doubt an optimistic enterprise. But it is good for awhile to be free from the carping note that must needs be audible when we discuss our present imperfections, to release ourselves from practical difficulties and the tangle of ways and means. It is good to stop by the track for a space, put aside the knapsack, wipe the brows, and talk a little of the upper slopes of the mountain we think we are climbing, would but the trees let us see it','2020-10-13 03:04:55'),('bu2hilli7nd3s22bpd10','bu2hilli7nd3s22bpcr0',3,'I am all in a sea of wonders. I doubt; I fear; I think strange things, which I dare not confess to my own soul. God keep me, if only for the sake of those dear to me!','2020-10-13 03:04:55'),('bu2hilli7nd3s22bpd20','bu2hilli7nd3s22bpd1g',1,'Then followed a battle of looks between them, but the captain soon knuckled under, put up his weapon, and resumed his seat, grumbling like a beaten dog.','2020-10-13 03:04:55'),('bu2hilli7nd3s22bpd2g','bu2hilli7nd3s22bpd1g',1,'The sun set; the dusk fell on the stream, and lights began to appear along the shore. The Chapman light–house, a three–legged thing erect on a mud–flat, shone strongly.','2020-10-13 03:04:55'),('bu2hilti7nd3s22bpd30','bu2hilli7nd3s22bpd1g',2,'Then followed a battle of looks between them, but the captain soon knuckled under, put up his weapon, and resumed his seat, grumbling like a beaten dog.','2020-10-13 03:04:55'),('bu2hilti7nd3s22bpd3g','bu2hilli7nd3s22bpd1g',4,'One dog rolled before him, well-nigh slashed in half; but a second had him by the thigh, a third gripped his collar be- hind, and a fourth had the blade of the sword between its teeth, tasting its own blood.','2020-10-13 03:04:55'),('bu2hilti7nd3s22bpd40','bu2hilli7nd3s22bpd1g',3,'I protest, even warmly, that neither he nor his sorrows were in my intention.','2020-10-13 03:04:55'),('bu2hilti7nd3s22bpd4g','bu2hilli7nd3s22bpd1g',2,'He completely abandoned the child of his marriage with Adelaida Ivanovna, not from malice, nor because of his matrimoni- al grievances, but simply because he forgot him.','2020-10-13 03:04:55'),('bu2hilti7nd3s22bpd50','bu2hilli7nd3s22bpd1g',5,'And with that he went off to see my father, taking me with him by the arm.','2020-10-13 03:04:55'),('bu2hilti7nd3s22bpd5g','bu2hilli7nd3s22bpd1g',2,'It is no doubt an optimistic enterprise. But it is good for awhile to be free from the carping note that must needs be audible when we discuss our present imperfections, to release ourselves from practical difficulties and the tangle of ways and means. It is good to stop by the track for a space, put aside the knapsack, wipe the brows, and talk a little of the upper slopes of the mountain we think we are climbing, would but the trees let us see it','2020-10-13 03:04:55'),('bu2hilti7nd3s22bpd60','bu2hilli7nd3s22bpd1g',3,'And with that he went off to see my father, taking me with him by the arm.','2020-10-13 03:04:55'),('bu2hilti7nd3s22bpd6g','bu2hilli7nd3s22bpd1g',2,'The secular cooling that must someday overtake our planet has already gone far indeed with our neighbour.','2020-10-13 03:04:55'),('bu2hilti7nd3s22bpd70','bu2hilli7nd3s22bpd1g',1,'I protest, even warmly, that neither he nor his sorrows were in my intention.','2020-10-13 03:04:55'),('bu2hilti7nd3s22bpd7g','bu2hilli7nd3s22bpd1g',2,'The Nellie, a cruising yawl, swung to her anchor without a flutter of the sails, and was at rest.','2020-10-13 03:04:55'),('bu2hilti7nd3s22bpd8g','bu2hilti7nd3s22bpd80',1,'I am all in a sea of wonders. I doubt; I fear; I think strange things, which I dare not confess to my own soul. God keep me, if only for the sake of those dear to me!','2020-10-13 03:04:55'),('bu2hilti7nd3s22bpd90','bu2hilti7nd3s22bpd80',5,'I protest, even warmly, that neither he nor his sorrows were in my intention.','2020-10-13 03:04:55'),('bu2hilti7nd3s22bpd9g','bu2hilti7nd3s22bpd80',4,'But what sort of language would we have the world speak, if we were told the miracle of Babel was presently to be reversed?','2020-10-13 03:04:55'),('bu2hilti7nd3s22bpda0','bu2hilti7nd3s22bpd80',4,'I am all in a sea of wonders. I doubt; I fear; I think strange things, which I dare not confess to my own soul. God keep me, if only for the sake of those dear to me!','2020-10-13 03:04:55'),('bu2hilti7nd3s22bpdag','bu2hilti7nd3s22bpd80',3,'I protest, even warmly, that neither he nor his sorrows were in my intention.','2020-10-13 03:04:55'),('bu2hilti7nd3s22bpdb0','bu2hilti7nd3s22bpd80',4,'It is no doubt an optimistic enterprise. But it is good for awhile to be free from the carping note that must needs be audible when we discuss our present imperfections, to release ourselves from practical difficulties and the tangle of ways and means. It is good to stop by the track for a space, put aside the knapsack, wipe the brows, and talk a little of the upper slopes of the mountain we think we are climbing, would but the trees let us see it','2020-10-13 03:04:55'),('bu2hilti7nd3s22bpdbg','bu2hilti7nd3s22bpd80',5,'He completely abandoned the child of his marriage with Adelaida Ivanovna, not from malice, nor because of his matrimoni- al grievances, but simply because he forgot him.','2020-10-13 03:04:55'),('bu2hilti7nd3s22bpdc0','bu2hilti7nd3s22bpd80',5,'One dog rolled before him, well-nigh slashed in half; but a second had him by the thigh, a third gripped his collar be- hind, and a fourth had the blade of the sword between its teeth, tasting its own blood.','2020-10-13 03:04:55'),('bu2hilti7nd3s22bpdcg','bu2hilti7nd3s22bpd80',4,'And with that he went off to see my father, taking me with him by the arm.','2020-10-13 03:04:55'),('bu2hilti7nd3s22bpdd0','bu2hilti7nd3s22bpd80',3,'He spoke of the happiness that was now certainly theirs, of the folly of not breaking sooner out of that magnificent prison of latter-day life, of the old romantic days that had passed from the world for ever.','2020-10-13 03:04:55'),('bu2hilti7nd3s22bpddg','bu2hilti7nd3s22bpd80',2,'The sun set; the dusk fell on the stream, and lights began to appear along the shore. The Chapman light–house, a three–legged thing erect on a mud–flat, shone strongly.','2020-10-13 03:04:55'),('bu2hilti7nd3s22bpde0','bu2hilti7nd3s22bpd80',5,'I protest, even warmly, that neither he nor his sorrows were in my intention.','2020-10-13 03:04:55'),('bu2hilti7nd3s22bpdf0','bu2hilti7nd3s22bpdeg',1,'I am all in a sea of wonders. I doubt; I fear; I think strange things, which I dare not confess to my own soul. God keep me, if only for the sake of those dear to me!','2020-10-13 03:04:55'),('bu2hilti7nd3s22bpdfg','bu2hilti7nd3s22bpdeg',1,'One dog rolled before him, well-nigh slashed in half; but a second had him by the thigh, a third gripped his collar be- hind, and a fourth had the blade of the sword between its teeth, tasting its own blood.','2020-10-13 03:04:55'),('bu2hilti7nd3s22bpdg0','bu2hilti7nd3s22bpdeg',4,'Have I come to Utopia to hear this sort of thing?','2020-10-13 03:04:55'),('bu2hilti7nd3s22bpdgg','bu2hilti7nd3s22bpdeg',4,'He completely abandoned the child of his marriage with Adelaida Ivanovna, not from malice, nor because of his matrimoni- al grievances, but simply because he forgot him.','2020-10-13 03:04:55'),('bu2hilti7nd3s22bpdh0','bu2hilti7nd3s22bpdeg',4,'The Nellie, a cruising yawl, swung to her anchor without a flutter of the sails, and was at rest.','2020-10-13 03:04:55'),('bu2hilti7nd3s22bpdhg','bu2hilti7nd3s22bpdeg',1,'He spoke of the happiness that was now certainly theirs, of the folly of not breaking sooner out of that magnificent prison of latter-day life, of the old romantic days that had passed from the world for ever.','2020-10-13 03:04:55'),('bu2hilti7nd3s22bpdi0','bu2hilti7nd3s22bpdeg',2,'I am all in a sea of wonders. I doubt; I fear; I think strange things, which I dare not confess to my own soul. God keep me, if only for the sake of those dear to me!','2020-10-13 03:04:55'),('bu2hilti7nd3s22bpdig','bu2hilti7nd3s22bpdeg',1,'But what sort of language would we have the world speak, if we were told the miracle of Babel was presently to be reversed?','2020-10-13 03:04:55'),('bu2hilti7nd3s22bpdj0','bu2hilti7nd3s22bpdeg',1,'I am all in a sea of wonders. I doubt; I fear; I think strange things, which I dare not confess to my own soul. God keep me, if only for the sake of those dear to me!','2020-10-13 03:04:55'),('bu2hilti7nd3s22bpdjg','bu2hilti7nd3s22bpdeg',2,'Then followed a battle of looks between them, but the captain soon knuckled under, put up his weapon, and resumed his seat, grumbling like a beaten dog.','2020-10-13 03:04:55'),('bu2hilti7nd3s22bpdk0','bu2hilti7nd3s22bpdeg',2,'But what sort of language would we have the world speak, if we were told the miracle of Babel was presently to be reversed?','2020-10-13 03:04:55'),('bu2hilti7nd3s22bpdkg','bu2hilti7nd3s22bpdeg',4,'The secular cooling that must someday overtake our planet has already gone far indeed with our neighbour.','2020-10-13 03:04:55'),('bu2hilti7nd3s22bpdlg','bu2hilti7nd3s22bpdl0',3,'He spoke of the happiness that was now certainly theirs, of the folly of not breaking sooner out of that magnificent prison of latter-day life, of the old romantic days that had passed from the world for ever.','2020-10-13 03:04:55'),('bu2hilti7nd3s22bpdm0','bu2hilti7nd3s22bpdl0',4,'He spoke of the happiness that was now certainly theirs, of the folly of not breaking sooner out of that magnificent prison of latter-day life, of the old romantic days that had passed from the world for ever.','2020-10-13 03:04:55'),('bu2hilti7nd3s22bpdmg','bu2hilti7nd3s22bpdl0',2,'The Nellie, a cruising yawl, swung to her anchor without a flutter of the sails, and was at rest.','2020-10-13 03:04:55'),('bu2hilti7nd3s22bpdn0','bu2hilti7nd3s22bpdl0',4,'It is a truth universally acknowledged, that a single man in possession of a good fortune, must be in want of a wife.','2020-10-13 03:04:55'),('bu2hilti7nd3s22bpdng','bu2hilti7nd3s22bpdl0',2,'The sun set; the dusk fell on the stream, and lights began to appear along the shore. The Chapman light–house, a three–legged thing erect on a mud–flat, shone strongly.','2020-10-13 03:04:55'),('bu2hilti7nd3s22bpdo0','bu2hilti7nd3s22bpdl0',3,'He completely abandoned the child of his marriage with Adelaida Ivanovna, not from malice, nor because of his matrimoni- al grievances, but simply because he forgot him.','2020-10-13 03:04:55'),('bu2hilti7nd3s22bpdog','bu2hilti7nd3s22bpdl0',4,'It was at this time that the meeting, or, rather gathering of the mem- bers of this inharmonious family took place in the cell of the elder who had such an extraordinary influence on Alyosha.','2020-10-13 03:04:55'),('bu2hilti7nd3s22bpdp0','bu2hilti7nd3s22bpdl0',3,'It is a truth universally acknowledged, that a single man in possession of a good fortune, must be in want of a wife.','2020-10-13 03:04:55'),('bu2hilti7nd3s22bpdpg','bu2hilti7nd3s22bpdl0',5,'It is no doubt an optimistic enterprise. But it is good for awhile to be free from the carping note that must needs be audible when we discuss our present imperfections, to release ourselves from practical difficulties and the tangle of ways and means. It is good to stop by the track for a space, put aside the knapsack, wipe the brows, and talk a little of the upper slopes of the mountain we think we are climbing, would but the trees let us see it','2020-10-13 03:04:55'),('bu2hilti7nd3s22bpdq0','bu2hilti7nd3s22bpdl0',3,'He spoke of the happiness that was now certainly theirs, of the folly of not breaking sooner out of that magnificent prison of latter-day life, of the old romantic days that had passed from the world for ever.','2020-10-13 03:04:55'),('bu2hilti7nd3s22bpdqg','bu2hilti7nd3s22bpdl0',4,'I protest, even warmly, that neither he nor his sorrows were in my intention.','2020-10-13 03:04:55'),('bu2hilti7nd3s22bpdr0','bu2hilti7nd3s22bpdl0',2,'The sun set; the dusk fell on the stream, and lights began to appear along the shore. The Chapman light–house, a three–legged thing erect on a mud–flat, shone strongly.','2020-10-13 03:04:55'),('bu2hilti7nd3s22bpds0','bu2hilti7nd3s22bpdrg',4,'Have I come to Utopia to hear this sort of thing?','2020-10-13 03:04:55'),('bu2hilti7nd3s22bpdsg','bu2hilti7nd3s22bpdrg',4,'The Nellie, a cruising yawl, swung to her anchor without a flutter of the sails, and was at rest.','2020-10-13 03:04:55'),('bu2hilti7nd3s22bpdt0','bu2hilti7nd3s22bpdrg',3,'She stared at him in astonishment, and as she read something of the significant hieroglyphic of his battered face, her lips whitened.','2020-10-13 03:04:55'),('bu2hilti7nd3s22bpdtg','bu2hilti7nd3s22bpdrg',4,'I am all in a sea of wonders. I doubt; I fear; I think strange things, which I dare not confess to my own soul. God keep me, if only for the sake of those dear to me!','2020-10-13 03:04:55'),('bu2hilti7nd3s22bpdu0','bu2hilti7nd3s22bpdrg',2,'The Nellie, a cruising yawl, swung to her anchor without a flutter of the sails, and was at rest.','2020-10-13 03:04:55'),('bu2hilti7nd3s22bpdug','bu2hilti7nd3s22bpdrg',5,'The sun set; the dusk fell on the stream, and lights began to appear along the shore. The Chapman light–house, a three–legged thing erect on a mud–flat, shone strongly.','2020-10-13 03:04:55'),('bu2hilti7nd3s22bpdv0','bu2hilti7nd3s22bpdrg',4,'It is a truth universally acknowledged, that a single man in possession of a good fortune, must be in want of a wife.','2020-10-13 03:04:55'),('bu2hilti7nd3s22bpdvg','bu2hilti7nd3s22bpdrg',4,'Then followed a battle of looks between them, but the captain soon knuckled under, put up his weapon, and resumed his seat, grumbling like a beaten dog.','2020-10-13 03:04:55'),('bu2hilti7nd3s22bpe00','bu2hilti7nd3s22bpdrg',2,'One dog rolled before him, well-nigh slashed in half; but a second had him by the thigh, a third gripped his collar be- hind, and a fourth had the blade of the sword between its teeth, tasting its own blood.','2020-10-13 03:04:55'),('bu2hilti7nd3s22bpe0g','bu2hilti7nd3s22bpdrg',3,'It was at this time that the meeting, or, rather gathering of the mem- bers of this inharmonious family took place in the cell of the elder who had such an extraordinary influence on Alyosha.','2020-10-13 03:04:55'),('bu2hilti7nd3s22bpe10','bu2hilti7nd3s22bpdrg',4,'It was at this time that the meeting, or, rather gathering of the mem- bers of this inharmonious family took place in the cell of the elder who had such an extraordinary influence on Alyosha.','2020-10-13 03:04:55'),('bu2hilti7nd3s22bpe1g','bu2hilti7nd3s22bpdrg',2,'It was at this time that the meeting, or, rather gathering of the mem- bers of this inharmonious family took place in the cell of the elder who had such an extraordinary influence on Alyosha.','2020-10-13 03:04:55'),('bu2hilti7nd3s22bpe2g','bu2hilti7nd3s22bpe20',3,'Have I come to Utopia to hear this sort of thing?','2020-10-13 03:04:55'),('bu2hilti7nd3s22bpe30','bu2hilti7nd3s22bpe20',1,'The secular cooling that must someday overtake our planet has already gone far indeed with our neighbour.','2020-10-13 03:04:55'),('bu2hilti7nd3s22bpe3g','bu2hilti7nd3s22bpe20',4,'Have I come to Utopia to hear this sort of thing?','2020-10-13 03:04:55'),('bu2hilti7nd3s22bpe40','bu2hilti7nd3s22bpe20',3,'One dog rolled before him, well-nigh slashed in half; but a second had him by the thigh, a third gripped his collar be- hind, and a fourth had the blade of the sword between its teeth, tasting its own blood.','2020-10-13 03:04:55'),('bu2hilti7nd3s22bpe4g','bu2hilti7nd3s22bpe20',4,'It is a truth universally acknowledged, that a single man in possession of a good fortune, must be in want of a wife.','2020-10-13 03:04:55'),('bu2hilti7nd3s22bpe50','bu2hilti7nd3s22bpe20',1,'She stared at him in astonishment, and as she read something of the significant hieroglyphic of his battered face, her lips whitened.','2020-10-13 03:04:55'),('bu2hilti7nd3s22bpe5g','bu2hilti7nd3s22bpe20',4,'He spoke of the happiness that was now certainly theirs, of the folly of not breaking sooner out of that magnificent prison of latter-day life, of the old romantic days that had passed from the world for ever.','2020-10-13 03:04:55'),('bu2hilti7nd3s22bpe60','bu2hilti7nd3s22bpe20',1,'She stared at him in astonishment, and as she read something of the significant hieroglyphic of his battered face, her lips whitened.','2020-10-13 03:04:55'),('bu2hilti7nd3s22bpe6g','bu2hilti7nd3s22bpe20',2,'I protest, even warmly, that neither he nor his sorrows were in my intention.','2020-10-13 03:04:55'),('bu2hilti7nd3s22bpe70','bu2hilti7nd3s22bpe20',1,'But what sort of language would we have the world speak, if we were told the miracle of Babel was presently to be reversed?','2020-10-13 03:04:55'),('bu2hilti7nd3s22bpe7g','bu2hilti7nd3s22bpe20',3,'But what sort of language would we have the world speak, if we were told the miracle of Babel was presently to be reversed?','2020-10-13 03:04:55'),('bu2hilti7nd3s22bpe80','bu2hilti7nd3s22bpe20',3,'Near it in the field, I remember, were three faint points of light, three telescopic stars infinitely remote, and all around it was the unfathomable darkness of empty space.','2020-10-13 03:04:55'),('bu2hilti7nd3s22bpe90','bu2hilti7nd3s22bpe8g',1,'But what sort of language would we have the world speak, if we were told the miracle of Babel was presently to be reversed?','2020-10-13 03:04:55'),('bu2hilti7nd3s22bpe9g','bu2hilti7nd3s22bpe8g',1,'The Nellie, a cruising yawl, swung to her anchor without a flutter of the sails, and was at rest.','2020-10-13 03:04:55'),('bu2hilti7nd3s22bpea0','bu2hilti7nd3s22bpe8g',1,'The secular cooling that must someday overtake our planet has already gone far indeed with our neighbour.','2020-10-13 03:04:55'),('bu2hilti7nd3s22bpeag','bu2hilti7nd3s22bpe8g',3,'And with that he went off to see my father, taking me with him by the arm.','2020-10-13 03:04:55'),('bu2hilti7nd3s22bpeb0','bu2hilti7nd3s22bpe8g',4,'It was at this time that the meeting, or, rather gathering of the mem- bers of this inharmonious family took place in the cell of the elder who had such an extraordinary influence on Alyosha.','2020-10-13 03:04:55'),('bu2hilti7nd3s22bpebg','bu2hilti7nd3s22bpe8g',4,'The secular cooling that must someday overtake our planet has already gone far indeed with our neighbour.','2020-10-13 03:04:55'),('bu2hilti7nd3s22bpec0','bu2hilti7nd3s22bpe8g',2,'The Nellie, a cruising yawl, swung to her anchor without a flutter of the sails, and was at rest.','2020-10-13 03:04:55'),('bu2hilti7nd3s22bpecg','bu2hilti7nd3s22bpe8g',3,'He spoke of the happiness that was now certainly theirs, of the folly of not breaking sooner out of that magnificent prison of latter-day life, of the old romantic days that had passed from the world for ever.','2020-10-13 03:04:55'),('bu2hilti7nd3s22bped0','bu2hilti7nd3s22bpe8g',5,'It was at this time that the meeting, or, rather gathering of the mem- bers of this inharmonious family took place in the cell of the elder who had such an extraordinary influence on Alyosha.','2020-10-13 03:04:56'),('bu2hilti7nd3s22bpedg','bu2hilti7nd3s22bpe8g',3,'I protest, even warmly, that neither he nor his sorrows were in my intention.','2020-10-13 03:04:56'),('bu2hilti7nd3s22bpee0','bu2hilti7nd3s22bpe8g',3,'It was at this time that the meeting, or, rather gathering of the mem- bers of this inharmonious family took place in the cell of the elder who had such an extraordinary influence on Alyosha.','2020-10-13 03:04:56'),('bu2hilti7nd3s22bpeeg','bu2hilti7nd3s22bpe8g',3,'Have I come to Utopia to hear this sort of thing?','2020-10-13 03:04:56'),('bu2hilti7nd3s22bpefg','bu2hilti7nd3s22bpef0',5,'Then followed a battle of looks between them, but the captain soon knuckled under, put up his weapon, and resumed his seat, grumbling like a beaten dog.','2020-10-13 03:04:56'),('bu2hilti7nd3s22bpeg0','bu2hilti7nd3s22bpef0',2,'It is no doubt an optimistic enterprise. But it is good for awhile to be free from the carping note that must needs be audible when we discuss our present imperfections, to release ourselves from practical difficulties and the tangle of ways and means. It is good to stop by the track for a space, put aside the knapsack, wipe the brows, and talk a little of the upper slopes of the mountain we think we are climbing, would but the trees let us see it','2020-10-13 03:04:56'),('bu2hilti7nd3s22bpegg','bu2hilti7nd3s22bpef0',3,'He spoke of the happiness that was now certainly theirs, of the folly of not breaking sooner out of that magnificent prison of latter-day life, of the old romantic days that had passed from the world for ever.','2020-10-13 03:04:56'),('bu2hilti7nd3s22bpeh0','bu2hilti7nd3s22bpef0',2,'The sun set; the dusk fell on the stream, and lights began to appear along the shore. The Chapman light–house, a three–legged thing erect on a mud–flat, shone strongly.','2020-10-13 03:04:56'),('bu2hilti7nd3s22bpehg','bu2hilti7nd3s22bpef0',5,'I am all in a sea of wonders. I doubt; I fear; I think strange things, which I dare not confess to my own soul. God keep me, if only for the sake of those dear to me!','2020-10-13 03:04:56'),('bu2hilti7nd3s22bpei0','bu2hilti7nd3s22bpef0',2,'Have I come to Utopia to hear this sort of thing?','2020-10-13 03:04:56'),('bu2hilti7nd3s22bpeig','bu2hilti7nd3s22bpef0',1,'It is a truth universally acknowledged, that a single man in possession of a good fortune, must be in want of a wife.','2020-10-13 03:04:56'),('bu2hilti7nd3s22bpej0','bu2hilti7nd3s22bpef0',4,'And with that he went off to see my father, taking me with him by the arm.','2020-10-13 03:04:56'),('bu2hilti7nd3s22bpejg','bu2hilti7nd3s22bpef0',2,'I am all in a sea of wonders. I doubt; I fear; I think strange things, which I dare not confess to my own soul. God keep me, if only for the sake of those dear to me!','2020-10-13 03:04:56'),('bu2hilti7nd3s22bpek0','bu2hilti7nd3s22bpef0',5,'It was at this time that the meeting, or, rather gathering of the mem- bers of this inharmonious family took place in the cell of the elder who had such an extraordinary influence on Alyosha.','2020-10-13 03:04:56'),('bu2hilti7nd3s22bpekg','bu2hilti7nd3s22bpef0',2,'He spoke of the happiness that was now certainly theirs, of the folly of not breaking sooner out of that magnificent prison of latter-day life, of the old romantic days that had passed from the world for ever.','2020-10-13 03:04:56'),('bu2hilti7nd3s22bpel0','bu2hilti7nd3s22bpef0',3,'But what sort of language would we have the world speak, if we were told the miracle of Babel was presently to be reversed?','2020-10-13 03:04:56');
/*!40000 ALTER TABLE `sessionratings` ENABLE KEYS */;
UNLOCK TABLES;

--
-- Table structure for table `sessions`
--

DROP TABLE IF EXISTS `sessions`;
/*!40101 SET @saved_cs_client     = @@character_set_client */;
/*!50503 SET character_set_client = utf8mb4 */;
CREATE TABLE `sessions` (
  `SessionId` varchar(20) NOT NULL,
  `PlayerId` varchar(20) DEFAULT NULL,
  `TimeSessionEnd` datetime DEFAULT NULL,
  PRIMARY KEY (`SessionId`),
  UNIQUE KEY `SessionId_UNIQUE` (`SessionId`)
) ENGINE=InnoDB DEFAULT CHARSET=utf8mb4 COLLATE=utf8mb4_0900_ai_ci;
/*!40101 SET character_set_client = @saved_cs_client */;

--
-- Dumping data for table `sessions`
--

LOCK TABLES `sessions` WRITE;
/*!40000 ALTER TABLE `sessions` DISABLE KEYS */;
INSERT INTO `sessions` VALUES ('bu2hhrti7nd0md7faomg','bu2hhrti7nd0md7faom0','2020-10-13 03:03:12'),('bu2hhrti7nd0md7faon0','bu2hhrti7nd0md7faom0','2020-10-13 03:03:12'),('bu2hhrti7nd0md7faong','bu2hhrti7nd0md7faom0','2020-10-13 03:03:12'),('bu2hhrti7nd0md7faoo0','bu2hhrti7nd0md7faom0','2020-10-13 03:03:12'),('bu2hhrti7nd0md7faoog','bu2hhrti7nd0md7faom0','2020-10-13 03:03:12'),('bu2hhrti7nd0md7faop0','bu2hhrti7nd0md7faom0','2020-10-13 03:03:12'),('bu2hhrti7nd0md7faopg','bu2hhrti7nd0md7faom0','2020-10-13 03:03:12'),('bu2hhrti7nd0md7faoq0','bu2hhrti7nd0md7faom0','2020-10-13 03:03:12'),('bu2hhrti7nd0md7faoqg','bu2hhrti7nd0md7faom0','2020-10-13 03:03:12'),('bu2hhrti7nd0md7faor0','bu2hhrti7nd0md7faom0','2020-10-13 03:03:12'),('bu2hhrti7nd0md7faorg','bu2hhrti7nd0md7faom0','2020-10-13 03:03:12'),('bu2hhrti7nd0md7faos0','bu2hhrti7nd0md7faom0','2020-10-13 03:03:12'),('bu2hhrti7nd0md7faot0','bu2hhrti7nd0md7faosg','2020-10-13 03:03:12'),('bu2hhrti7nd0md7faotg','bu2hhrti7nd0md7faosg','2020-10-13 03:03:12'),('bu2hhrti7nd0md7faou0','bu2hhrti7nd0md7faosg','2020-10-13 03:03:12'),('bu2hhrti7nd0md7faoug','bu2hhrti7nd0md7faosg','2020-10-13 03:03:12'),('bu2hhrti7nd0md7faov0','bu2hhrti7nd0md7faosg','2020-10-13 03:03:12'),('bu2hhrti7nd0md7faovg','bu2hhrti7nd0md7faosg','2020-10-13 03:03:12'),('bu2hhrti7nd0md7fap00','bu2hhrti7nd0md7faosg','2020-10-13 03:03:12'),('bu2hhrti7nd0md7fap0g','bu2hhrti7nd0md7faosg','2020-10-13 03:03:12'),('bu2hhrti7nd0md7fap10','bu2hhrti7nd0md7faosg','2020-10-13 03:03:12'),('bu2hhrti7nd0md7fap1g','bu2hhrti7nd0md7faosg','2020-10-13 03:03:12'),('bu2hhrti7nd0md7fap20','bu2hhrti7nd0md7faosg','2020-10-13 03:03:12'),('bu2hhrti7nd0md7fap2g','bu2hhrti7nd0md7faosg','2020-10-13 03:03:12'),('bu2hhrti7nd0md7fap3g','bu2hhrti7nd0md7fap30','2020-10-13 03:03:12'),('bu2hhrti7nd0md7fap40','bu2hhrti7nd0md7fap30','2020-10-13 03:03:12'),('bu2hhrti7nd0md7fap4g','bu2hhrti7nd0md7fap30','2020-10-13 03:03:12'),('bu2hhrti7nd0md7fap50','bu2hhrti7nd0md7fap30','2020-10-13 03:03:12'),('bu2hhrti7nd0md7fap5g','bu2hhrti7nd0md7fap30','2020-10-13 03:03:12'),('bu2hhrti7nd0md7fap60','bu2hhrti7nd0md7fap30','2020-10-13 03:03:12'),('bu2hhrti7nd0md7fap6g','bu2hhrti7nd0md7fap30','2020-10-13 03:03:12'),('bu2hhrti7nd0md7fap70','bu2hhrti7nd0md7fap30','2020-10-13 03:03:12'),('bu2hhrti7nd0md7fap7g','bu2hhrti7nd0md7fap30','2020-10-13 03:03:12'),('bu2hhrti7nd0md7fap80','bu2hhrti7nd0md7fap30','2020-10-13 03:03:12'),('bu2hhrti7nd0md7fap8g','bu2hhrti7nd0md7fap30','2020-10-13 03:03:12'),('bu2hhrti7nd0md7fap90','bu2hhrti7nd0md7fap30','2020-10-13 03:03:12'),('bu2hhrti7nd0md7fapa0','bu2hhrti7nd0md7fap9g','2020-10-13 03:03:12'),('bu2hhrti7nd0md7fapag','bu2hhrti7nd0md7fap9g','2020-10-13 03:03:12'),('bu2hhrti7nd0md7fapb0','bu2hhrti7nd0md7fap9g','2020-10-13 03:03:12'),('bu2hhrti7nd0md7fapbg','bu2hhrti7nd0md7fap9g','2020-10-13 03:03:12'),('bu2hhrti7nd0md7fapc0','bu2hhrti7nd0md7fap9g','2020-10-13 03:03:12'),('bu2hhrti7nd0md7fapcg','bu2hhrti7nd0md7fap9g','2020-10-13 03:03:12'),('bu2hhrti7nd0md7fapd0','bu2hhrti7nd0md7fap9g','2020-10-13 03:03:12'),('bu2hhrti7nd0md7fapdg','bu2hhrti7nd0md7fap9g','2020-10-13 03:03:12'),('bu2hhrti7nd0md7fape0','bu2hhrti7nd0md7fap9g','2020-10-13 03:03:12'),('bu2hhrti7nd0md7fapeg','bu2hhrti7nd0md7fap9g','2020-10-13 03:03:12'),('bu2hhrti7nd0md7fapf0','bu2hhrti7nd0md7fap9g','2020-10-13 03:03:12'),('bu2hhrti7nd0md7fapfg','bu2hhrti7nd0md7fap9g','2020-10-13 03:03:12'),('bu2hhrti7nd0md7fapgg','bu2hhrti7nd0md7fapg0','2020-10-13 03:03:12'),('bu2hhrti7nd0md7faph0','bu2hhrti7nd0md7fapg0','2020-10-13 03:03:12'),('bu2hhrti7nd0md7faphg','bu2hhrti7nd0md7fapg0','2020-10-13 03:03:12'),('bu2hhrti7nd0md7fapi0','bu2hhrti7nd0md7fapg0','2020-10-13 03:03:12'),('bu2hhrti7nd0md7fapig','bu2hhrti7nd0md7fapg0','2020-10-13 03:03:12'),('bu2hhs5i7nd0md7fapj0','bu2hhrti7nd0md7fapg0','2020-10-13 03:03:12'),('bu2hhs5i7nd0md7fapjg','bu2hhrti7nd0md7fapg0','2020-10-13 03:03:12'),('bu2hhs5i7nd0md7fapk0','bu2hhrti7nd0md7fapg0','2020-10-13 03:03:12'),('bu2hhs5i7nd0md7fapkg','bu2hhrti7nd0md7fapg0','2020-10-13 03:03:12'),('bu2hhs5i7nd0md7fapl0','bu2hhrti7nd0md7fapg0','2020-10-13 03:03:12'),('bu2hhs5i7nd0md7faplg','bu2hhrti7nd0md7fapg0','2020-10-13 03:03:12'),('bu2hhs5i7nd0md7fapm0','bu2hhrti7nd0md7fapg0','2020-10-13 03:03:12'),('bu2hhs5i7nd0md7fapn0','bu2hhs5i7nd0md7fapmg','2020-10-13 03:03:12'),('bu2hhs5i7nd0md7fapng','bu2hhs5i7nd0md7fapmg','2020-10-13 03:03:12'),('bu2hhs5i7nd0md7fapo0','bu2hhs5i7nd0md7fapmg','2020-10-13 03:03:12'),('bu2hhs5i7nd0md7fapog','bu2hhs5i7nd0md7fapmg','2020-10-13 03:03:12'),('bu2hhs5i7nd0md7fapp0','bu2hhs5i7nd0md7fapmg','2020-10-13 03:03:12'),('bu2hhs5i7nd0md7fappg','bu2hhs5i7nd0md7fapmg','2020-10-13 03:03:12'),('bu2hhs5i7nd0md7fapq0','bu2hhs5i7nd0md7fapmg','2020-10-13 03:03:12'),('bu2hhs5i7nd0md7fapqg','bu2hhs5i7nd0md7fapmg','2020-10-13 03:03:12'),('bu2hhs5i7nd0md7fapr0','bu2hhs5i7nd0md7fapmg','2020-10-13 03:03:12'),('bu2hhs5i7nd0md7faprg','bu2hhs5i7nd0md7fapmg','2020-10-13 03:03:12'),('bu2hhs5i7nd0md7faps0','bu2hhs5i7nd0md7fapmg','2020-10-13 03:03:12'),('bu2hhs5i7nd0md7fapsg','bu2hhs5i7nd0md7fapmg','2020-10-13 03:03:12'),('bu2hhs5i7nd0md7faptg','bu2hhs5i7nd0md7fapt0','2020-10-13 03:03:12'),('bu2hhs5i7nd0md7fapu0','bu2hhs5i7nd0md7fapt0','2020-10-13 03:03:12'),('bu2hhs5i7nd0md7fapug','bu2hhs5i7nd0md7fapt0','2020-10-13 03:03:12'),('bu2hhs5i7nd0md7fapv0','bu2hhs5i7nd0md7fapt0','2020-10-13 03:03:12'),('bu2hhs5i7nd0md7fapvg','bu2hhs5i7nd0md7fapt0','2020-10-13 03:03:12'),('bu2hhs5i7nd0md7faq00','bu2hhs5i7nd0md7fapt0','2020-10-13 03:03:12'),('bu2hhs5i7nd0md7faq0g','bu2hhs5i7nd0md7fapt0','2020-10-13 03:03:12'),('bu2hhs5i7nd0md7faq10','bu2hhs5i7nd0md7fapt0','2020-10-13 03:03:12'),('bu2hhs5i7nd0md7faq1g','bu2hhs5i7nd0md7fapt0','2020-10-13 03:03:12'),('bu2hhs5i7nd0md7faq20','bu2hhs5i7nd0md7fapt0','2020-10-13 03:03:12'),('bu2hhs5i7nd0md7faq2g','bu2hhs5i7nd0md7fapt0','2020-10-13 03:03:12'),('bu2hhs5i7nd0md7faq30','bu2hhs5i7nd0md7fapt0','2020-10-13 03:03:12'),('bu2hhs5i7nd0md7faq40','bu2hhs5i7nd0md7faq3g','2020-10-13 03:03:12'),('bu2hhs5i7nd0md7faq4g','bu2hhs5i7nd0md7faq3g','2020-10-13 03:03:12'),('bu2hhs5i7nd0md7faq50','bu2hhs5i7nd0md7faq3g','2020-10-13 03:03:12'),('bu2hhs5i7nd0md7faq5g','bu2hhs5i7nd0md7faq3g','2020-10-13 03:03:12'),('bu2hhs5i7nd0md7faq60','bu2hhs5i7nd0md7faq3g','2020-10-13 03:03:12'),('bu2hhs5i7nd0md7faq6g','bu2hhs5i7nd0md7faq3g','2020-10-13 03:03:12'),('bu2hhs5i7nd0md7faq70','bu2hhs5i7nd0md7faq3g','2020-10-13 03:03:12'),('bu2hhs5i7nd0md7faq7g','bu2hhs5i7nd0md7faq3g','2020-10-13 03:03:12'),('bu2hhs5i7nd0md7faq80','bu2hhs5i7nd0md7faq3g','2020-10-13 03:03:12'),('bu2hhs5i7nd0md7faq8g','bu2hhs5i7nd0md7faq3g','2020-10-13 03:03:12'),('bu2hhs5i7nd0md7faq90','bu2hhs5i7nd0md7faq3g','2020-10-13 03:03:12'),('bu2hhs5i7nd0md7faq9g','bu2hhs5i7nd0md7faq3g','2020-10-13 03:03:12'),('bu2hhs5i7nd0md7faqag','bu2hhs5i7nd0md7faqa0','2020-10-13 03:03:12'),('bu2hhs5i7nd0md7faqb0','bu2hhs5i7nd0md7faqa0','2020-10-13 03:03:12'),('bu2hhs5i7nd0md7faqbg','bu2hhs5i7nd0md7faqa0','2020-10-13 03:03:12'),('bu2hhs5i7nd0md7faqc0','bu2hhs5i7nd0md7faqa0','2020-10-13 03:03:12'),('bu2hhs5i7nd0md7faqcg','bu2hhs5i7nd0md7faqa0','2020-10-13 03:03:12'),('bu2hhs5i7nd0md7faqd0','bu2hhs5i7nd0md7faqa0','2020-10-13 03:03:12'),('bu2hhs5i7nd0md7faqdg','bu2hhs5i7nd0md7faqa0','2020-10-13 03:03:12'),('bu2hhs5i7nd0md7faqe0','bu2hhs5i7nd0md7faqa0','2020-10-13 03:03:12'),('bu2hhs5i7nd0md7faqeg','bu2hhs5i7nd0md7faqa0','2020-10-13 03:03:12'),('bu2hhs5i7nd0md7faqf0','bu2hhs5i7nd0md7faqa0','2020-10-13 03:03:12'),('bu2hhs5i7nd0md7faqfg','bu2hhs5i7nd0md7faqa0','2020-10-13 03:03:12'),('bu2hhs5i7nd0md7faqg0','bu2hhs5i7nd0md7faqa0','2020-10-13 03:03:12'),('bu2hhs5i7nd0md7faqh0','bu2hhs5i7nd0md7faqgg','2020-10-13 03:03:12'),('bu2hhs5i7nd0md7faqhg','bu2hhs5i7nd0md7faqgg','2020-10-13 03:03:12'),('bu2hhs5i7nd0md7faqi0','bu2hhs5i7nd0md7faqgg','2020-10-13 03:03:12'),('bu2hhs5i7nd0md7faqig','bu2hhs5i7nd0md7faqgg','2020-10-13 03:03:12'),('bu2hhs5i7nd0md7faqj0','bu2hhs5i7nd0md7faqgg','2020-10-13 03:03:12'),('bu2hhs5i7nd0md7faqjg','bu2hhs5i7nd0md7faqgg','2020-10-13 03:03:12'),('bu2hhs5i7nd0md7faqk0','bu2hhs5i7nd0md7faqgg','2020-10-13 03:03:12'),('bu2hhs5i7nd0md7faqkg','bu2hhs5i7nd0md7faqgg','2020-10-13 03:03:12'),('bu2hhs5i7nd0md7faql0','bu2hhs5i7nd0md7faqgg','2020-10-13 03:03:12'),('bu2hhs5i7nd0md7faqlg','bu2hhs5i7nd0md7faqgg','2020-10-13 03:03:12'),('bu2hhs5i7nd0md7faqm0','bu2hhs5i7nd0md7faqgg','2020-10-13 03:03:12'),('bu2hhs5i7nd0md7faqmg','bu2hhs5i7nd0md7faqgg','2020-10-13 03:03:12'),('bu2hhs5i7nd0md7faqng','bu2hhs5i7nd0md7faqn0','2020-10-13 03:03:12'),('bu2hhs5i7nd0md7faqog','bu2hhs5i7nd0md7faqo0','2020-10-13 03:03:12'),('bu2hhs5i7nd0md7faqpg','bu2hhs5i7nd0md7faqp0','2020-10-13 03:03:12'),('bu2hhs5i7nd0md7faqqg','bu2hhs5i7nd0md7faqq0','2020-10-13 03:03:12'),('bu2hhs5i7nd0md7faqrg','bu2hhs5i7nd0md7faqr0','2020-10-13 03:03:12'),('bu2hhs5i7nd0md7faqsg','bu2hhs5i7nd0md7faqs0','2020-10-13 03:03:12'),('bu2hhs5i7nd0md7faqtg','bu2hhs5i7nd0md7faqt0','2020-10-13 03:03:12'),('bu2hhs5i7nd0md7faqug','bu2hhs5i7nd0md7faqu0','2020-10-13 03:03:12'),('bu2hhs5i7nd0md7faqvg','bu2hhs5i7nd0md7faqv0','2020-10-13 03:03:12'),('bu2hhs5i7nd0md7far0g','bu2hhs5i7nd0md7far00','2020-10-13 03:03:12'),('bu2hhtti7nd3jf31oelg','bu2hhtti7nd3jf31oel0','2020-10-13 03:03:19'),('bu2hhtti7nd3jf31oem0','bu2hhtti7nd3jf31oel0','2020-10-13 03:03:19'),('bu2hhtti7nd3jf31oemg','bu2hhtti7nd3jf31oel0','2020-10-13 03:03:19'),('bu2hhtti7nd3jf31oen0','bu2hhtti7nd3jf31oel0','2020-10-13 03:03:19'),('bu2hhtti7nd3jf31oeng','bu2hhtti7nd3jf31oel0','2020-10-13 03:03:19'),('bu2hhtti7nd3jf31oeo0','bu2hhtti7nd3jf31oel0','2020-10-13 03:03:19'),('bu2hhtti7nd3jf31oeog','bu2hhtti7nd3jf31oel0','2020-10-13 03:03:19'),('bu2hhtti7nd3jf31oep0','bu2hhtti7nd3jf31oel0','2020-10-13 03:03:19'),('bu2hhtti7nd3jf31oepg','bu2hhtti7nd3jf31oel0','2020-10-13 03:03:19'),('bu2hhtti7nd3jf31oeq0','bu2hhtti7nd3jf31oel0','2020-10-13 03:03:19'),('bu2hhtti7nd3jf31oeqg','bu2hhtti7nd3jf31oel0','2020-10-13 03:03:19'),('bu2hhtti7nd3jf31oer0','bu2hhtti7nd3jf31oel0','2020-10-13 03:03:19'),('bu2hhtti7nd3jf31oes0','bu2hhtti7nd3jf31oerg','2020-10-13 03:03:19'),('bu2hhtti7nd3jf31oesg','bu2hhtti7nd3jf31oerg','2020-10-13 03:03:19'),('bu2hhtti7nd3jf31oet0','bu2hhtti7nd3jf31oerg','2020-10-13 03:03:19'),('bu2hhtti7nd3jf31oetg','bu2hhtti7nd3jf31oerg','2020-10-13 03:03:19'),('bu2hhtti7nd3jf31oeu0','bu2hhtti7nd3jf31oerg','2020-10-13 03:03:19'),('bu2hhtti7nd3jf31oeug','bu2hhtti7nd3jf31oerg','2020-10-13 03:03:19'),('bu2hhtti7nd3jf31oev0','bu2hhtti7nd3jf31oerg','2020-10-13 03:03:19'),('bu2hhtti7nd3jf31oevg','bu2hhtti7nd3jf31oerg','2020-10-13 03:03:19'),('bu2hhtti7nd3jf31of00','bu2hhtti7nd3jf31oerg','2020-10-13 03:03:19'),('bu2hhtti7nd3jf31of0g','bu2hhtti7nd3jf31oerg','2020-10-13 03:03:19'),('bu2hhtti7nd3jf31of10','bu2hhtti7nd3jf31oerg','2020-10-13 03:03:19'),('bu2hhtti7nd3jf31of1g','bu2hhtti7nd3jf31oerg','2020-10-13 03:03:19'),('bu2hhtti7nd3jf31of2g','bu2hhtti7nd3jf31of20','2020-10-13 03:03:19'),('bu2hhtti7nd3jf31of30','bu2hhtti7nd3jf31of20','2020-10-13 03:03:19'),('bu2hhtti7nd3jf31of3g','bu2hhtti7nd3jf31of20','2020-10-13 03:03:19'),('bu2hhtti7nd3jf31of40','bu2hhtti7nd3jf31of20','2020-10-13 03:03:19'),('bu2hhtti7nd3jf31of4g','bu2hhtti7nd3jf31of20','2020-10-13 03:03:19'),('bu2hhtti7nd3jf31of50','bu2hhtti7nd3jf31of20','2020-10-13 03:03:19'),('bu2hhtti7nd3jf31of5g','bu2hhtti7nd3jf31of20','2020-10-13 03:03:19'),('bu2hhtti7nd3jf31of60','bu2hhtti7nd3jf31of20','2020-10-13 03:03:19'),('bu2hhtti7nd3jf31of6g','bu2hhtti7nd3jf31of20','2020-10-13 03:03:19'),('bu2hhtti7nd3jf31of70','bu2hhtti7nd3jf31of20','2020-10-13 03:03:19'),('bu2hhtti7nd3jf31of7g','bu2hhtti7nd3jf31of20','2020-10-13 03:03:19'),('bu2hhtti7nd3jf31of80','bu2hhtti7nd3jf31of20','2020-10-13 03:03:19'),('bu2hhtti7nd3jf31of90','bu2hhtti7nd3jf31of8g','2020-10-13 03:03:19'),('bu2hhtti7nd3jf31of9g','bu2hhtti7nd3jf31of8g','2020-10-13 03:03:19'),('bu2hhtti7nd3jf31ofa0','bu2hhtti7nd3jf31of8g','2020-10-13 03:03:19'),('bu2hhtti7nd3jf31ofag','bu2hhtti7nd3jf31of8g','2020-10-13 03:03:19'),('bu2hhtti7nd3jf31ofb0','bu2hhtti7nd3jf31of8g','2020-10-13 03:03:19'),('bu2hhtti7nd3jf31ofbg','bu2hhtti7nd3jf31of8g','2020-10-13 03:03:19'),('bu2hhtti7nd3jf31ofc0','bu2hhtti7nd3jf31of8g','2020-10-13 03:03:19'),('bu2hhtti7nd3jf31ofcg','bu2hhtti7nd3jf31of8g','2020-10-13 03:03:19'),('bu2hhtti7nd3jf31ofd0','bu2hhtti7nd3jf31of8g','2020-10-13 03:03:19'),('bu2hhtti7nd3jf31ofdg','bu2hhtti7nd3jf31of8g','2020-10-13 03:03:19'),('bu2hhtti7nd3jf31ofe0','bu2hhtti7nd3jf31of8g','2020-10-13 03:03:19'),('bu2hhtti7nd3jf31ofeg','bu2hhtti7nd3jf31of8g','2020-10-13 03:03:19'),('bu2hhtti7nd3jf31offg','bu2hhtti7nd3jf31off0','2020-10-13 03:03:19'),('bu2hhtti7nd3jf31ofg0','bu2hhtti7nd3jf31off0','2020-10-13 03:03:19'),('bu2hhtti7nd3jf31ofgg','bu2hhtti7nd3jf31off0','2020-10-13 03:03:19'),('bu2hhtti7nd3jf31ofh0','bu2hhtti7nd3jf31off0','2020-10-13 03:03:19'),('bu2hhtti7nd3jf31ofhg','bu2hhtti7nd3jf31off0','2020-10-13 03:03:19'),('bu2hhtti7nd3jf31ofi0','bu2hhtti7nd3jf31off0','2020-10-13 03:03:19'),('bu2hhtti7nd3jf31ofig','bu2hhtti7nd3jf31off0','2020-10-13 03:03:19'),('bu2hhtti7nd3jf31ofj0','bu2hhtti7nd3jf31off0','2020-10-13 03:03:19'),('bu2hhtti7nd3jf31ofjg','bu2hhtti7nd3jf31off0','2020-10-13 03:03:19'),('bu2hhtti7nd3jf31ofk0','bu2hhtti7nd3jf31off0','2020-10-13 03:03:19'),('bu2hhtti7nd3jf31ofkg','bu2hhtti7nd3jf31off0','2020-10-13 03:03:19'),('bu2hhtti7nd3jf31ofl0','bu2hhtti7nd3jf31off0','2020-10-13 03:03:19'),('bu2hhtti7nd3jf31ofm0','bu2hhtti7nd3jf31oflg','2020-10-13 03:03:19'),('bu2hhtti7nd3jf31ofmg','bu2hhtti7nd3jf31oflg','2020-10-13 03:03:19'),('bu2hhtti7nd3jf31ofn0','bu2hhtti7nd3jf31oflg','2020-10-13 03:03:19'),('bu2hhtti7nd3jf31ofng','bu2hhtti7nd3jf31oflg','2020-10-13 03:03:19'),('bu2hhtti7nd3jf31ofo0','bu2hhtti7nd3jf31oflg','2020-10-13 03:03:19'),('bu2hhtti7nd3jf31ofog','bu2hhtti7nd3jf31oflg','2020-10-13 03:03:19'),('bu2hhtti7nd3jf31ofp0','bu2hhtti7nd3jf31oflg','2020-10-13 03:03:19'),('bu2hhtti7nd3jf31ofpg','bu2hhtti7nd3jf31oflg','2020-10-13 03:03:19'),('bu2hhtti7nd3jf31ofq0','bu2hhtti7nd3jf31oflg','2020-10-13 03:03:20'),('bu2hhtti7nd3jf31ofqg','bu2hhtti7nd3jf31oflg','2020-10-13 03:03:20'),('bu2hhtti7nd3jf31ofr0','bu2hhtti7nd3jf31oflg','2020-10-13 03:03:20'),('bu2hhtti7nd3jf31ofrg','bu2hhtti7nd3jf31oflg','2020-10-13 03:03:20'),('bu2hhtti7nd3jf31ofsg','bu2hhtti7nd3jf31ofs0','2020-10-13 03:03:20'),('bu2hhtti7nd3jf31oft0','bu2hhtti7nd3jf31ofs0','2020-10-13 03:03:20'),('bu2hhtti7nd3jf31oftg','bu2hhtti7nd3jf31ofs0','2020-10-13 03:03:20'),('bu2hhtti7nd3jf31ofu0','bu2hhtti7nd3jf31ofs0','2020-10-13 03:03:20'),('bu2hhtti7nd3jf31ofug','bu2hhtti7nd3jf31ofs0','2020-10-13 03:03:20'),('bu2hhtti7nd3jf31ofv0','bu2hhtti7nd3jf31ofs0','2020-10-13 03:03:20'),('bu2hhtti7nd3jf31ofvg','bu2hhtti7nd3jf31ofs0','2020-10-13 03:03:20'),('bu2hhtti7nd3jf31og00','bu2hhtti7nd3jf31ofs0','2020-10-13 03:03:20'),('bu2hhtti7nd3jf31og0g','bu2hhtti7nd3jf31ofs0','2020-10-13 03:03:20'),('bu2hhtti7nd3jf31og10','bu2hhtti7nd3jf31ofs0','2020-10-13 03:03:20'),('bu2hhtti7nd3jf31og1g','bu2hhtti7nd3jf31ofs0','2020-10-13 03:03:20'),('bu2hhtti7nd3jf31og20','bu2hhtti7nd3jf31ofs0','2020-10-13 03:03:20'),('bu2hhtti7nd3jf31og30','bu2hhtti7nd3jf31og2g','2020-10-13 03:03:20'),('bu2hhtti7nd3jf31og3g','bu2hhtti7nd3jf31og2g','2020-10-13 03:03:20'),('bu2hhtti7nd3jf31og40','bu2hhtti7nd3jf31og2g','2020-10-13 03:03:20'),('bu2hhtti7nd3jf31og4g','bu2hhtti7nd3jf31og2g','2020-10-13 03:03:20'),('bu2hhtti7nd3jf31og50','bu2hhtti7nd3jf31og2g','2020-10-13 03:03:20'),('bu2hhtti7nd3jf31og5g','bu2hhtti7nd3jf31og2g','2020-10-13 03:03:20'),('bu2hhtti7nd3jf31og60','bu2hhtti7nd3jf31og2g','2020-10-13 03:03:20'),('bu2hhtti7nd3jf31og6g','bu2hhtti7nd3jf31og2g','2020-10-13 03:03:20'),('bu2hhtti7nd3jf31og70','bu2hhtti7nd3jf31og2g','2020-10-13 03:03:20'),('bu2hhtti7nd3jf31og7g','bu2hhtti7nd3jf31og2g','2020-10-13 03:03:20'),('bu2hhtti7nd3jf31og80','bu2hhtti7nd3jf31og2g','2020-10-13 03:03:20'),('bu2hhtti7nd3jf31og8g','bu2hhtti7nd3jf31og2g','2020-10-13 03:03:20'),('bu2hhtti7nd3jf31og9g','bu2hhtti7nd3jf31og90','2020-10-13 03:03:20'),('bu2hhtti7nd3jf31oga0','bu2hhtti7nd3jf31og90','2020-10-13 03:03:20'),('bu2hhtti7nd3jf31ogag','bu2hhtti7nd3jf31og90','2020-10-13 03:03:20'),('bu2hhtti7nd3jf31ogb0','bu2hhtti7nd3jf31og90','2020-10-13 03:03:20'),('bu2hhtti7nd3jf31ogbg','bu2hhtti7nd3jf31og90','2020-10-13 03:03:20'),('bu2hhtti7nd3jf31ogc0','bu2hhtti7nd3jf31og90','2020-10-13 03:03:20'),('bu2hhtti7nd3jf31ogcg','bu2hhtti7nd3jf31og90','2020-10-13 03:03:20'),('bu2hhtti7nd3jf31ogd0','bu2hhtti7nd3jf31og90','2020-10-13 03:03:20'),('bu2hhtti7nd3jf31ogdg','bu2hhtti7nd3jf31og90','2020-10-13 03:03:20'),('bu2hhtti7nd3jf31oge0','bu2hhtti7nd3jf31og90','2020-10-13 03:03:20'),('bu2hhtti7nd3jf31ogeg','bu2hhtti7nd3jf31og90','2020-10-13 03:03:20'),('bu2hhtti7nd3jf31ogf0','bu2hhtti7nd3jf31og90','2020-10-13 03:03:20'),('bu2hhtti7nd3jf31ogg0','bu2hhtti7nd3jf31ogfg','2020-10-13 03:03:20'),('bu2hhtti7nd3jf31oggg','bu2hhtti7nd3jf31ogfg','2020-10-13 03:03:20'),('bu2hhtti7nd3jf31ogh0','bu2hhtti7nd3jf31ogfg','2020-10-13 03:03:20'),('bu2hhtti7nd3jf31oghg','bu2hhtti7nd3jf31ogfg','2020-10-13 03:03:20'),('bu2hhtti7nd3jf31ogi0','bu2hhtti7nd3jf31ogfg','2020-10-13 03:03:20'),('bu2hhtti7nd3jf31ogig','bu2hhtti7nd3jf31ogfg','2020-10-13 03:03:20'),('bu2hhtti7nd3jf31ogj0','bu2hhtti7nd3jf31ogfg','2020-10-13 03:03:20'),('bu2hhtti7nd3jf31ogjg','bu2hhtti7nd3jf31ogfg','2020-10-13 03:03:20'),('bu2hhtti7nd3jf31ogk0','bu2hhtti7nd3jf31ogfg','2020-10-13 03:03:20'),('bu2hhtti7nd3jf31ogkg','bu2hhtti7nd3jf31ogfg','2020-10-13 03:03:20'),('bu2hhtti7nd3jf31ogl0','bu2hhtti7nd3jf31ogfg','2020-10-13 03:03:20'),('bu2hhtti7nd3jf31oglg','bu2hhtti7nd3jf31ogfg','2020-10-13 03:03:20'),('bu2hhtti7nd3jf31ogmg','bu2hhtti7nd3jf31ogm0','2020-10-13 03:03:20'),('bu2hhtti7nd3jf31ogng','bu2hhtti7nd3jf31ogn0','2020-10-13 03:03:20'),('bu2hhtti7nd3jf31ogog','bu2hhtti7nd3jf31ogo0','2020-10-13 03:03:20'),('bu2hhtti7nd3jf31ogpg','bu2hhtti7nd3jf31ogp0','2020-10-13 03:03:20'),('bu2hhtti7nd3jf31ogqg','bu2hhtti7nd3jf31ogq0','2020-10-13 03:03:20'),('bu2hhtti7nd3jf31ogrg','bu2hhtti7nd3jf31ogr0','2020-10-13 03:03:20'),('bu2hhtti7nd3jf31ogsg','bu2hhtti7nd3jf31ogs0','2020-10-13 03:03:20'),('bu2hhtti7nd3jf31ogtg','bu2hhtti7nd3jf31ogt0','2020-10-13 03:03:20'),('bu2hhtti7nd3jf31ogug','bu2hhtti7nd3jf31ogu0','2020-10-13 03:03:20'),('bu2hhtti7nd3jf31ogvg','bu2hhtti7nd3jf31ogv0','2020-10-13 03:03:20'),('bu2hi0li7nd0j33agcjg','bu2hi0li7nd0j33agcj0','2020-10-13 03:03:30'),('bu2hi0li7nd0j33agck0','bu2hi0li7nd0j33agcj0','2020-10-13 03:03:30'),('bu2hi0li7nd0j33agckg','bu2hi0li7nd0j33agcj0','2020-10-13 03:03:30'),('bu2hi0li7nd0j33agcl0','bu2hi0li7nd0j33agcj0','2020-10-13 03:03:30'),('bu2hi0li7nd0j33agclg','bu2hi0li7nd0j33agcj0','2020-10-13 03:03:30'),('bu2hi0li7nd0j33agcm0','bu2hi0li7nd0j33agcj0','2020-10-13 03:03:30'),('bu2hi0li7nd0j33agcmg','bu2hi0li7nd0j33agcj0','2020-10-13 03:03:30'),('bu2hi0li7nd0j33agcn0','bu2hi0li7nd0j33agcj0','2020-10-13 03:03:30'),('bu2hi0li7nd0j33agcng','bu2hi0li7nd0j33agcj0','2020-10-13 03:03:30'),('bu2hi0li7nd0j33agco0','bu2hi0li7nd0j33agcj0','2020-10-13 03:03:30'),('bu2hi0li7nd0j33agcog','bu2hi0li7nd0j33agcj0','2020-10-13 03:03:30'),('bu2hi0li7nd0j33agcp0','bu2hi0li7nd0j33agcj0','2020-10-13 03:03:30'),('bu2hi0li7nd0j33agcq0','bu2hi0li7nd0j33agcpg','2020-10-13 03:03:30'),('bu2hi0li7nd0j33agcqg','bu2hi0li7nd0j33agcpg','2020-10-13 03:03:30'),('bu2hi0li7nd0j33agcr0','bu2hi0li7nd0j33agcpg','2020-10-13 03:03:30'),('bu2hi0li7nd0j33agcrg','bu2hi0li7nd0j33agcpg','2020-10-13 03:03:30'),('bu2hi0li7nd0j33agcs0','bu2hi0li7nd0j33agcpg','2020-10-13 03:03:30'),('bu2hi0li7nd0j33agcsg','bu2hi0li7nd0j33agcpg','2020-10-13 03:03:30'),('bu2hi0li7nd0j33agct0','bu2hi0li7nd0j33agcpg','2020-10-13 03:03:30'),('bu2hi0li7nd0j33agctg','bu2hi0li7nd0j33agcpg','2020-10-13 03:03:30'),('bu2hi0li7nd0j33agcu0','bu2hi0li7nd0j33agcpg','2020-10-13 03:03:30'),('bu2hi0li7nd0j33agcug','bu2hi0li7nd0j33agcpg','2020-10-13 03:03:30'),('bu2hi0li7nd0j33agcv0','bu2hi0li7nd0j33agcpg','2020-10-13 03:03:30'),('bu2hi0li7nd0j33agcvg','bu2hi0li7nd0j33agcpg','2020-10-13 03:03:30'),('bu2hi0li7nd0j33agd0g','bu2hi0li7nd0j33agd00','2020-10-13 03:03:30'),('bu2hi0li7nd0j33agd10','bu2hi0li7nd0j33agd00','2020-10-13 03:03:30'),('bu2hi0li7nd0j33agd1g','bu2hi0li7nd0j33agd00','2020-10-13 03:03:30'),('bu2hi0li7nd0j33agd20','bu2hi0li7nd0j33agd00','2020-10-13 03:03:30'),('bu2hi0li7nd0j33agd2g','bu2hi0li7nd0j33agd00','2020-10-13 03:03:30'),('bu2hi0li7nd0j33agd30','bu2hi0li7nd0j33agd00','2020-10-13 03:03:30'),('bu2hi0li7nd0j33agd3g','bu2hi0li7nd0j33agd00','2020-10-13 03:03:31'),('bu2hi0li7nd0j33agd40','bu2hi0li7nd0j33agd00','2020-10-13 03:03:31'),('bu2hi0li7nd0j33agd4g','bu2hi0li7nd0j33agd00','2020-10-13 03:03:31'),('bu2hi0li7nd0j33agd50','bu2hi0li7nd0j33agd00','2020-10-13 03:03:31'),('bu2hi0li7nd0j33agd5g','bu2hi0li7nd0j33agd00','2020-10-13 03:03:31'),('bu2hi0li7nd0j33agd60','bu2hi0li7nd0j33agd00','2020-10-13 03:03:31'),('bu2hi0li7nd0j33agd70','bu2hi0li7nd0j33agd6g','2020-10-13 03:03:31'),('bu2hi0li7nd0j33agd7g','bu2hi0li7nd0j33agd6g','2020-10-13 03:03:31'),('bu2hi0li7nd0j33agd80','bu2hi0li7nd0j33agd6g','2020-10-13 03:03:31'),('bu2hi0li7nd0j33agd8g','bu2hi0li7nd0j33agd6g','2020-10-13 03:03:31'),('bu2hi0li7nd0j33agd90','bu2hi0li7nd0j33agd6g','2020-10-13 03:03:31'),('bu2hi0li7nd0j33agd9g','bu2hi0li7nd0j33agd6g','2020-10-13 03:03:31'),('bu2hi0li7nd0j33agda0','bu2hi0li7nd0j33agd6g','2020-10-13 03:03:31'),('bu2hi0li7nd0j33agdag','bu2hi0li7nd0j33agd6g','2020-10-13 03:03:31'),('bu2hi0li7nd0j33agdb0','bu2hi0li7nd0j33agd6g','2020-10-13 03:03:31'),('bu2hi0li7nd0j33agdbg','bu2hi0li7nd0j33agd6g','2020-10-13 03:03:31'),('bu2hi0li7nd0j33agdc0','bu2hi0li7nd0j33agd6g','2020-10-13 03:03:31'),('bu2hi0li7nd0j33agdcg','bu2hi0li7nd0j33agd6g','2020-10-13 03:03:31'),('bu2hi0li7nd0j33agddg','bu2hi0li7nd0j33agdd0','2020-10-13 03:03:31'),('bu2hi0li7nd0j33agde0','bu2hi0li7nd0j33agdd0','2020-10-13 03:03:31'),('bu2hi0li7nd0j33agdeg','bu2hi0li7nd0j33agdd0','2020-10-13 03:03:31'),('bu2hi0li7nd0j33agdf0','bu2hi0li7nd0j33agdd0','2020-10-13 03:03:31'),('bu2hi0li7nd0j33agdfg','bu2hi0li7nd0j33agdd0','2020-10-13 03:03:31'),('bu2hi0li7nd0j33agdg0','bu2hi0li7nd0j33agdd0','2020-10-13 03:03:31'),('bu2hi0li7nd0j33agdgg','bu2hi0li7nd0j33agdd0','2020-10-13 03:03:31'),('bu2hi0li7nd0j33agdh0','bu2hi0li7nd0j33agdd0','2020-10-13 03:03:31'),('bu2hi0li7nd0j33agdhg','bu2hi0li7nd0j33agdd0','2020-10-13 03:03:31'),('bu2hi0li7nd0j33agdi0','bu2hi0li7nd0j33agdd0','2020-10-13 03:03:31'),('bu2hi0li7nd0j33agdig','bu2hi0li7nd0j33agdd0','2020-10-13 03:03:31'),('bu2hi0li7nd0j33agdj0','bu2hi0li7nd0j33agdd0','2020-10-13 03:03:31'),('bu2hi0li7nd0j33agdk0','bu2hi0li7nd0j33agdjg','2020-10-13 03:03:31'),('bu2hi0li7nd0j33agdkg','bu2hi0li7nd0j33agdjg','2020-10-13 03:03:31'),('bu2hi0li7nd0j33agdl0','bu2hi0li7nd0j33agdjg','2020-10-13 03:03:31'),('bu2hi0li7nd0j33agdlg','bu2hi0li7nd0j33agdjg','2020-10-13 03:03:31'),('bu2hi0li7nd0j33agdm0','bu2hi0li7nd0j33agdjg','2020-10-13 03:03:31'),('bu2hi0li7nd0j33agdmg','bu2hi0li7nd0j33agdjg','2020-10-13 03:03:31'),('bu2hi0li7nd0j33agdn0','bu2hi0li7nd0j33agdjg','2020-10-13 03:03:31'),('bu2hi0li7nd0j33agdng','bu2hi0li7nd0j33agdjg','2020-10-13 03:03:31'),('bu2hi0li7nd0j33agdo0','bu2hi0li7nd0j33agdjg','2020-10-13 03:03:31'),('bu2hi0li7nd0j33agdog','bu2hi0li7nd0j33agdjg','2020-10-13 03:03:31'),('bu2hi0li7nd0j33agdp0','bu2hi0li7nd0j33agdjg','2020-10-13 03:03:31'),('bu2hi0li7nd0j33agdpg','bu2hi0li7nd0j33agdjg','2020-10-13 03:03:31'),('bu2hi0li7nd0j33agdqg','bu2hi0li7nd0j33agdq0','2020-10-13 03:03:31'),('bu2hi0li7nd0j33agdr0','bu2hi0li7nd0j33agdq0','2020-10-13 03:03:31'),('bu2hi0li7nd0j33agdrg','bu2hi0li7nd0j33agdq0','2020-10-13 03:03:31'),('bu2hi0li7nd0j33agds0','bu2hi0li7nd0j33agdq0','2020-10-13 03:03:31'),('bu2hi0li7nd0j33agdsg','bu2hi0li7nd0j33agdq0','2020-10-13 03:03:31'),('bu2hi0li7nd0j33agdt0','bu2hi0li7nd0j33agdq0','2020-10-13 03:03:31'),('bu2hi0li7nd0j33agdtg','bu2hi0li7nd0j33agdq0','2020-10-13 03:03:31'),('bu2hi0li7nd0j33agdu0','bu2hi0li7nd0j33agdq0','2020-10-13 03:03:31'),('bu2hi0li7nd0j33agdug','bu2hi0li7nd0j33agdq0','2020-10-13 03:03:31'),('bu2hi0li7nd0j33agdv0','bu2hi0li7nd0j33agdq0','2020-10-13 03:03:31'),('bu2hi0li7nd0j33agdvg','bu2hi0li7nd0j33agdq0','2020-10-13 03:03:31'),('bu2hi0li7nd0j33age00','bu2hi0li7nd0j33agdq0','2020-10-13 03:03:31'),('bu2hi0li7nd0j33age10','bu2hi0li7nd0j33age0g','2020-10-13 03:03:31'),('bu2hi0li7nd0j33age1g','bu2hi0li7nd0j33age0g','2020-10-13 03:03:31'),('bu2hi0li7nd0j33age20','bu2hi0li7nd0j33age0g','2020-10-13 03:03:31'),('bu2hi0li7nd0j33age2g','bu2hi0li7nd0j33age0g','2020-10-13 03:03:31'),('bu2hi0li7nd0j33age30','bu2hi0li7nd0j33age0g','2020-10-13 03:03:31'),('bu2hi0li7nd0j33age3g','bu2hi0li7nd0j33age0g','2020-10-13 03:03:31'),('bu2hi0li7nd0j33age40','bu2hi0li7nd0j33age0g','2020-10-13 03:03:31'),('bu2hi0li7nd0j33age4g','bu2hi0li7nd0j33age0g','2020-10-13 03:03:31'),('bu2hi0li7nd0j33age50','bu2hi0li7nd0j33age0g','2020-10-13 03:03:31'),('bu2hi0li7nd0j33age5g','bu2hi0li7nd0j33age0g','2020-10-13 03:03:31'),('bu2hi0li7nd0j33age60','bu2hi0li7nd0j33age0g','2020-10-13 03:03:31'),('bu2hi0li7nd0j33age6g','bu2hi0li7nd0j33age0g','2020-10-13 03:03:31'),('bu2hi0li7nd0j33age7g','bu2hi0li7nd0j33age70','2020-10-13 03:03:31'),('bu2hi0li7nd0j33age80','bu2hi0li7nd0j33age70','2020-10-13 03:03:31'),('bu2hi0li7nd0j33age8g','bu2hi0li7nd0j33age70','2020-10-13 03:03:31'),('bu2hi0li7nd0j33age90','bu2hi0li7nd0j33age70','2020-10-13 03:03:31'),('bu2hi0li7nd0j33age9g','bu2hi0li7nd0j33age70','2020-10-13 03:03:31'),('bu2hi0li7nd0j33agea0','bu2hi0li7nd0j33age70','2020-10-13 03:03:31'),('bu2hi0li7nd0j33ageag','bu2hi0li7nd0j33age70','2020-10-13 03:03:31'),('bu2hi0li7nd0j33ageb0','bu2hi0li7nd0j33age70','2020-10-13 03:03:31'),('bu2hi0li7nd0j33agebg','bu2hi0li7nd0j33age70','2020-10-13 03:03:31'),('bu2hi0li7nd0j33agec0','bu2hi0li7nd0j33age70','2020-10-13 03:03:31'),('bu2hi0li7nd0j33agecg','bu2hi0li7nd0j33age70','2020-10-13 03:03:31'),('bu2hi0li7nd0j33aged0','bu2hi0li7nd0j33age70','2020-10-13 03:03:31'),('bu2hi0ti7nd0j33agee0','bu2hi0li7nd0j33agedg','2020-10-13 03:03:31'),('bu2hi0ti7nd0j33ageeg','bu2hi0li7nd0j33agedg','2020-10-13 03:03:31'),('bu2hi0ti7nd0j33agef0','bu2hi0li7nd0j33agedg','2020-10-13 03:03:31'),('bu2hi0ti7nd0j33agefg','bu2hi0li7nd0j33agedg','2020-10-13 03:03:31'),('bu2hi0ti7nd0j33ageg0','bu2hi0li7nd0j33agedg','2020-10-13 03:03:31'),('bu2hi0ti7nd0j33agegg','bu2hi0li7nd0j33agedg','2020-10-13 03:03:31'),('bu2hi0ti7nd0j33ageh0','bu2hi0li7nd0j33agedg','2020-10-13 03:03:31'),('bu2hi0ti7nd0j33agehg','bu2hi0li7nd0j33agedg','2020-10-13 03:03:31'),('bu2hi0ti7nd0j33agei0','bu2hi0li7nd0j33agedg','2020-10-13 03:03:31'),('bu2hi0ti7nd0j33ageig','bu2hi0li7nd0j33agedg','2020-10-13 03:03:31'),('bu2hi0ti7nd0j33agej0','bu2hi0li7nd0j33agedg','2020-10-13 03:03:31'),('bu2hi0ti7nd0j33agejg','bu2hi0li7nd0j33agedg','2020-10-13 03:03:31'),('bu2hi0ti7nd0j33agekg','bu2hi0ti7nd0j33agek0','2020-10-13 03:03:31'),('bu2hi0ti7nd0j33agelg','bu2hi0ti7nd0j33agel0','2020-10-13 03:03:31'),('bu2hi0ti7nd0j33agemg','bu2hi0ti7nd0j33agem0','2020-10-13 03:03:31'),('bu2hi0ti7nd0j33ageng','bu2hi0ti7nd0j33agen0','2020-10-13 03:03:31'),('bu2hi0ti7nd0j33ageog','bu2hi0ti7nd0j33ageo0','2020-10-13 03:03:31'),('bu2hi0ti7nd0j33agepg','bu2hi0ti7nd0j33agep0','2020-10-13 03:03:31'),('bu2hi0ti7nd0j33ageqg','bu2hi0ti7nd0j33ageq0','2020-10-13 03:03:31'),('bu2hi0ti7nd0j33agerg','bu2hi0ti7nd0j33ager0','2020-10-13 03:03:31'),('bu2hi0ti7nd0j33agesg','bu2hi0ti7nd0j33ages0','2020-10-13 03:03:31'),('bu2hi0ti7nd0j33agetg','bu2hi0ti7nd0j33aget0','2020-10-13 03:03:31'),('bu2hilli7nd3s22bpcl0','bu2hilli7nd3s22bpckg','2020-10-13 03:04:55'),('bu2hilli7nd3s22bpclg','bu2hilli7nd3s22bpckg','2020-10-13 03:04:55'),('bu2hilli7nd3s22bpcm0','bu2hilli7nd3s22bpckg','2020-10-13 03:04:55'),('bu2hilli7nd3s22bpcmg','bu2hilli7nd3s22bpckg','2020-10-13 03:04:55'),('bu2hilli7nd3s22bpcn0','bu2hilli7nd3s22bpckg','2020-10-13 03:04:55'),('bu2hilli7nd3s22bpcng','bu2hilli7nd3s22bpckg','2020-10-13 03:04:55'),('bu2hilli7nd3s22bpco0','bu2hilli7nd3s22bpckg','2020-10-13 03:04:55'),('bu2hilli7nd3s22bpcog','bu2hilli7nd3s22bpckg','2020-10-13 03:04:55'),('bu2hilli7nd3s22bpcp0','bu2hilli7nd3s22bpckg','2020-10-13 03:04:55'),('bu2hilli7nd3s22bpcpg','bu2hilli7nd3s22bpckg','2020-10-13 03:04:55'),('bu2hilli7nd3s22bpcq0','bu2hilli7nd3s22bpckg','2020-10-13 03:04:55'),('bu2hilli7nd3s22bpcqg','bu2hilli7nd3s22bpckg','2020-10-13 03:04:55'),('bu2hilli7nd3s22bpcrg','bu2hilli7nd3s22bpcr0','2020-10-13 03:04:55'),('bu2hilli7nd3s22bpcs0','bu2hilli7nd3s22bpcr0','2020-10-13 03:04:55'),('bu2hilli7nd3s22bpcsg','bu2hilli7nd3s22bpcr0','2020-10-13 03:04:55'),('bu2hilli7nd3s22bpct0','bu2hilli7nd3s22bpcr0','2020-10-13 03:04:55'),('bu2hilli7nd3s22bpctg','bu2hilli7nd3s22bpcr0','2020-10-13 03:04:55'),('bu2hilli7nd3s22bpcu0','bu2hilli7nd3s22bpcr0','2020-10-13 03:04:55'),('bu2hilli7nd3s22bpcug','bu2hilli7nd3s22bpcr0','2020-10-13 03:04:55'),('bu2hilli7nd3s22bpcv0','bu2hilli7nd3s22bpcr0','2020-10-13 03:04:55'),('bu2hilli7nd3s22bpcvg','bu2hilli7nd3s22bpcr0','2020-10-13 03:04:55'),('bu2hilli7nd3s22bpd00','bu2hilli7nd3s22bpcr0','2020-10-13 03:04:55'),('bu2hilli7nd3s22bpd0g','bu2hilli7nd3s22bpcr0','2020-10-13 03:04:55'),('bu2hilli7nd3s22bpd10','bu2hilli7nd3s22bpcr0','2020-10-13 03:04:55'),('bu2hilli7nd3s22bpd20','bu2hilli7nd3s22bpd1g','2020-10-13 03:04:55'),('bu2hilli7nd3s22bpd2g','bu2hilli7nd3s22bpd1g','2020-10-13 03:04:55'),('bu2hilti7nd3s22bpd30','bu2hilli7nd3s22bpd1g','2020-10-13 03:04:55'),('bu2hilti7nd3s22bpd3g','bu2hilli7nd3s22bpd1g','2020-10-13 03:04:55'),('bu2hilti7nd3s22bpd40','bu2hilli7nd3s22bpd1g','2020-10-13 03:04:55'),('bu2hilti7nd3s22bpd4g','bu2hilli7nd3s22bpd1g','2020-10-13 03:04:55'),('bu2hilti7nd3s22bpd50','bu2hilli7nd3s22bpd1g','2020-10-13 03:04:55'),('bu2hilti7nd3s22bpd5g','bu2hilli7nd3s22bpd1g','2020-10-13 03:04:55'),('bu2hilti7nd3s22bpd60','bu2hilli7nd3s22bpd1g','2020-10-13 03:04:55'),('bu2hilti7nd3s22bpd6g','bu2hilli7nd3s22bpd1g','2020-10-13 03:04:55'),('bu2hilti7nd3s22bpd70','bu2hilli7nd3s22bpd1g','2020-10-13 03:04:55'),('bu2hilti7nd3s22bpd7g','bu2hilli7nd3s22bpd1g','2020-10-13 03:04:55'),('bu2hilti7nd3s22bpd8g','bu2hilti7nd3s22bpd80','2020-10-13 03:04:55'),('bu2hilti7nd3s22bpd90','bu2hilti7nd3s22bpd80','2020-10-13 03:04:55'),('bu2hilti7nd3s22bpd9g','bu2hilti7nd3s22bpd80','2020-10-13 03:04:55'),('bu2hilti7nd3s22bpda0','bu2hilti7nd3s22bpd80','2020-10-13 03:04:55'),('bu2hilti7nd3s22bpdag','bu2hilti7nd3s22bpd80','2020-10-13 03:04:55'),('bu2hilti7nd3s22bpdb0','bu2hilti7nd3s22bpd80','2020-10-13 03:04:55'),('bu2hilti7nd3s22bpdbg','bu2hilti7nd3s22bpd80','2020-10-13 03:04:55'),('bu2hilti7nd3s22bpdc0','bu2hilti7nd3s22bpd80','2020-10-13 03:04:55'),('bu2hilti7nd3s22bpdcg','bu2hilti7nd3s22bpd80','2020-10-13 03:04:55'),('bu2hilti7nd3s22bpdd0','bu2hilti7nd3s22bpd80','2020-10-13 03:04:55'),('bu2hilti7nd3s22bpddg','bu2hilti7nd3s22bpd80','2020-10-13 03:04:55'),('bu2hilti7nd3s22bpde0','bu2hilti7nd3s22bpd80','2020-10-13 03:04:55'),('bu2hilti7nd3s22bpdf0','bu2hilti7nd3s22bpdeg','2020-10-13 03:04:55'),('bu2hilti7nd3s22bpdfg','bu2hilti7nd3s22bpdeg','2020-10-13 03:04:55'),('bu2hilti7nd3s22bpdg0','bu2hilti7nd3s22bpdeg','2020-10-13 03:04:55'),('bu2hilti7nd3s22bpdgg','bu2hilti7nd3s22bpdeg','2020-10-13 03:04:55'),('bu2hilti7nd3s22bpdh0','bu2hilti7nd3s22bpdeg','2020-10-13 03:04:55'),('bu2hilti7nd3s22bpdhg','bu2hilti7nd3s22bpdeg','2020-10-13 03:04:55'),('bu2hilti7nd3s22bpdi0','bu2hilti7nd3s22bpdeg','2020-10-13 03:04:55'),('bu2hilti7nd3s22bpdig','bu2hilti7nd3s22bpdeg','2020-10-13 03:04:55'),('bu2hilti7nd3s22bpdj0','bu2hilti7nd3s22bpdeg','2020-10-13 03:04:55'),('bu2hilti7nd3s22bpdjg','bu2hilti7nd3s22bpdeg','2020-10-13 03:04:55'),('bu2hilti7nd3s22bpdk0','bu2hilti7nd3s22bpdeg','2020-10-13 03:04:55'),('bu2hilti7nd3s22bpdkg','bu2hilti7nd3s22bpdeg','2020-10-13 03:04:55'),('bu2hilti7nd3s22bpdlg','bu2hilti7nd3s22bpdl0','2020-10-13 03:04:55'),('bu2hilti7nd3s22bpdm0','bu2hilti7nd3s22bpdl0','2020-10-13 03:04:55'),('bu2hilti7nd3s22bpdmg','bu2hilti7nd3s22bpdl0','2020-10-13 03:04:55'),('bu2hilti7nd3s22bpdn0','bu2hilti7nd3s22bpdl0','2020-10-13 03:04:55'),('bu2hilti7nd3s22bpdng','bu2hilti7nd3s22bpdl0','2020-10-13 03:04:55'),('bu2hilti7nd3s22bpdo0','bu2hilti7nd3s22bpdl0','2020-10-13 03:04:55'),('bu2hilti7nd3s22bpdog','bu2hilti7nd3s22bpdl0','2020-10-13 03:04:55'),('bu2hilti7nd3s22bpdp0','bu2hilti7nd3s22bpdl0','2020-10-13 03:04:55'),('bu2hilti7nd3s22bpdpg','bu2hilti7nd3s22bpdl0','2020-10-13 03:04:55'),('bu2hilti7nd3s22bpdq0','bu2hilti7nd3s22bpdl0','2020-10-13 03:04:55'),('bu2hilti7nd3s22bpdqg','bu2hilti7nd3s22bpdl0','2020-10-13 03:04:55'),('bu2hilti7nd3s22bpdr0','bu2hilti7nd3s22bpdl0','2020-10-13 03:04:55'),('bu2hilti7nd3s22bpds0','bu2hilti7nd3s22bpdrg','2020-10-13 03:04:55'),('bu2hilti7nd3s22bpdsg','bu2hilti7nd3s22bpdrg','2020-10-13 03:04:55'),('bu2hilti7nd3s22bpdt0','bu2hilti7nd3s22bpdrg','2020-10-13 03:04:55'),('bu2hilti7nd3s22bpdtg','bu2hilti7nd3s22bpdrg','2020-10-13 03:04:55'),('bu2hilti7nd3s22bpdu0','bu2hilti7nd3s22bpdrg','2020-10-13 03:04:55'),('bu2hilti7nd3s22bpdug','bu2hilti7nd3s22bpdrg','2020-10-13 03:04:55'),('bu2hilti7nd3s22bpdv0','bu2hilti7nd3s22bpdrg','2020-10-13 03:04:55'),('bu2hilti7nd3s22bpdvg','bu2hilti7nd3s22bpdrg','2020-10-13 03:04:55'),('bu2hilti7nd3s22bpe00','bu2hilti7nd3s22bpdrg','2020-10-13 03:04:55'),('bu2hilti7nd3s22bpe0g','bu2hilti7nd3s22bpdrg','2020-10-13 03:04:55'),('bu2hilti7nd3s22bpe10','bu2hilti7nd3s22bpdrg','2020-10-13 03:04:55'),('bu2hilti7nd3s22bpe1g','bu2hilti7nd3s22bpdrg','2020-10-13 03:04:55'),('bu2hilti7nd3s22bpe2g','bu2hilti7nd3s22bpe20','2020-10-13 03:04:55'),('bu2hilti7nd3s22bpe30','bu2hilti7nd3s22bpe20','2020-10-13 03:04:55'),('bu2hilti7nd3s22bpe3g','bu2hilti7nd3s22bpe20','2020-10-13 03:04:55'),('bu2hilti7nd3s22bpe40','bu2hilti7nd3s22bpe20','2020-10-13 03:04:55'),('bu2hilti7nd3s22bpe4g','bu2hilti7nd3s22bpe20','2020-10-13 03:04:55'),('bu2hilti7nd3s22bpe50','bu2hilti7nd3s22bpe20','2020-10-13 03:04:55'),('bu2hilti7nd3s22bpe5g','bu2hilti7nd3s22bpe20','2020-10-13 03:04:55'),('bu2hilti7nd3s22bpe60','bu2hilti7nd3s22bpe20','2020-10-13 03:04:55'),('bu2hilti7nd3s22bpe6g','bu2hilti7nd3s22bpe20','2020-10-13 03:04:55'),('bu2hilti7nd3s22bpe70','bu2hilti7nd3s22bpe20','2020-10-13 03:04:55'),('bu2hilti7nd3s22bpe7g','bu2hilti7nd3s22bpe20','2020-10-13 03:04:55'),('bu2hilti7nd3s22bpe80','bu2hilti7nd3s22bpe20','2020-10-13 03:04:55'),('bu2hilti7nd3s22bpe90','bu2hilti7nd3s22bpe8g','2020-10-13 03:04:55'),('bu2hilti7nd3s22bpe9g','bu2hilti7nd3s22bpe8g','2020-10-13 03:04:55'),('bu2hilti7nd3s22bpea0','bu2hilti7nd3s22bpe8g','2020-10-13 03:04:55'),('bu2hilti7nd3s22bpeag','bu2hilti7nd3s22bpe8g','2020-10-13 03:04:55'),('bu2hilti7nd3s22bpeb0','bu2hilti7nd3s22bpe8g','2020-10-13 03:04:55'),('bu2hilti7nd3s22bpebg','bu2hilti7nd3s22bpe8g','2020-10-13 03:04:55'),('bu2hilti7nd3s22bpec0','bu2hilti7nd3s22bpe8g','2020-10-13 03:04:55'),('bu2hilti7nd3s22bpecg','bu2hilti7nd3s22bpe8g','2020-10-13 03:04:55'),('bu2hilti7nd3s22bped0','bu2hilti7nd3s22bpe8g','2020-10-13 03:04:55'),('bu2hilti7nd3s22bpedg','bu2hilti7nd3s22bpe8g','2020-10-13 03:04:56'),('bu2hilti7nd3s22bpee0','bu2hilti7nd3s22bpe8g','2020-10-13 03:04:56'),('bu2hilti7nd3s22bpeeg','bu2hilti7nd3s22bpe8g','2020-10-13 03:04:56'),('bu2hilti7nd3s22bpefg','bu2hilti7nd3s22bpef0','2020-10-13 03:04:56'),('bu2hilti7nd3s22bpeg0','bu2hilti7nd3s22bpef0','2020-10-13 03:04:56'),('bu2hilti7nd3s22bpegg','bu2hilti7nd3s22bpef0','2020-10-13 03:04:56'),('bu2hilti7nd3s22bpeh0','bu2hilti7nd3s22bpef0','2020-10-13 03:04:56'),('bu2hilti7nd3s22bpehg','bu2hilti7nd3s22bpef0','2020-10-13 03:04:56'),('bu2hilti7nd3s22bpei0','bu2hilti7nd3s22bpef0','2020-10-13 03:04:56'),('bu2hilti7nd3s22bpeig','bu2hilti7nd3s22bpef0','2020-10-13 03:04:56'),('bu2hilti7nd3s22bpej0','bu2hilti7nd3s22bpef0','2020-10-13 03:04:56'),('bu2hilti7nd3s22bpejg','bu2hilti7nd3s22bpef0','2020-10-13 03:04:56'),('bu2hilti7nd3s22bpek0','bu2hilti7nd3s22bpef0','2020-10-13 03:04:56'),('bu2hilti7nd3s22bpekg','bu2hilti7nd3s22bpef0','2020-10-13 03:04:56'),('bu2hilti7nd3s22bpel0','bu2hilti7nd3s22bpef0','2020-10-13 03:04:56'),('bu2hilti7nd3s22bpem0','bu2hilti7nd3s22bpelg','2020-10-13 03:04:56'),('bu2hilti7nd3s22bpen0','bu2hilti7nd3s22bpemg','2020-10-13 03:04:56'),('bu2hilti7nd3s22bpeo0','bu2hilti7nd3s22bpeng','2020-10-13 03:04:56'),('bu2hilti7nd3s22bpep0','bu2hilti7nd3s22bpeog','2020-10-13 03:04:56'),('bu2hilti7nd3s22bpeq0','bu2hilti7nd3s22bpepg','2020-10-13 03:04:56'),('bu2hilti7nd3s22bper0','bu2hilti7nd3s22bpeqg','2020-10-13 03:04:56'),('bu2hilti7nd3s22bpes0','bu2hilti7nd3s22bperg','2020-10-13 03:04:56'),('bu2hilti7nd3s22bpet0','bu2hilti7nd3s22bpesg','2020-10-13 03:04:56'),('bu2hilti7nd3s22bpeu0','bu2hilti7nd3s22bpetg','2020-10-13 03:04:56'),('bu2hilti7nd3s22bpev0','bu2hilti7nd3s22bpeug','2020-10-13 03:04:56');
/*!40000 ALTER TABLE `sessions` ENABLE KEYS */;
UNLOCK TABLES;
/*!40103 SET TIME_ZONE=@OLD_TIME_ZONE */;

/*!40101 SET SQL_MODE=@OLD_SQL_MODE */;
/*!40014 SET FOREIGN_KEY_CHECKS=@OLD_FOREIGN_KEY_CHECKS */;
/*!40014 SET UNIQUE_CHECKS=@OLD_UNIQUE_CHECKS */;
/*!40101 SET CHARACTER_SET_CLIENT=@OLD_CHARACTER_SET_CLIENT */;
/*!40101 SET CHARACTER_SET_RESULTS=@OLD_CHARACTER_SET_RESULTS */;
/*!40101 SET COLLATION_CONNECTION=@OLD_COLLATION_CONNECTION */;
/*!40111 SET SQL_NOTES=@OLD_SQL_NOTES */;

-- Dump completed on 2020-10-12 23:11:50
