CREATE DATABASE  IF NOT EXISTS `manonthemoon` /*!40100 DEFAULT CHARACTER SET utf8mb4 COLLATE utf8mb4_0900_ai_ci */ /*!80016 DEFAULT ENCRYPTION='N' */;
USE `manonthemoon`;
-- MySQL dump 10.13  Distrib 8.0.21, for Win64 (x86_64)
--
-- Host: 127.0.0.1    Database: manonthemoon
-- ------------------------------------------------------
-- Server version	8.0.21

/*!40101 SET @OLD_CHARACTER_SET_CLIENT=@@CHARACTER_SET_CLIENT */;
/*!40101 SET @OLD_CHARACTER_SET_RESULTS=@@CHARACTER_SET_RESULTS */;
/*!40101 SET @OLD_COLLATION_CONNECTION=@@COLLATION_CONNECTION */;
/*!50503 SET NAMES utf8 */;
/*!40103 SET @OLD_TIME_ZONE=@@TIME_ZONE */;
/*!40103 SET TIME_ZONE='+00:00' */;
/*!40014 SET @OLD_UNIQUE_CHECKS=@@UNIQUE_CHECKS, UNIQUE_CHECKS=0 */;
/*!40014 SET @OLD_FOREIGN_KEY_CHECKS=@@FOREIGN_KEY_CHECKS, FOREIGN_KEY_CHECKS=0 */;
/*!40101 SET @OLD_SQL_MODE=@@SQL_MODE, SQL_MODE='NO_AUTO_VALUE_ON_ZERO' */;
/*!40111 SET @OLD_SQL_NOTES=@@SQL_NOTES, SQL_NOTES=0 */;

--
-- Table structure for table `players`
--

DROP TABLE IF EXISTS `players`;
/*!40101 SET @saved_cs_client     = @@character_set_client */;
/*!50503 SET character_set_client = utf8mb4 */;
CREATE TABLE `players` (
  `PlayerId` varchar(20) NOT NULL,
  `Name` varchar(45) DEFAULT NULL,
  `TimeRegistered` datetime DEFAULT NULL,
  PRIMARY KEY (`PlayerId`),
  UNIQUE KEY `PlayerId_UNIQUE` (`PlayerId`)
) ENGINE=InnoDB DEFAULT CHARSET=utf8mb4 COLLATE=utf8mb4_0900_ai_ci;
/*!40101 SET character_set_client = @saved_cs_client */;

--
-- Dumping data for table `players`
--

LOCK TABLES `players` WRITE;
/*!40000 ALTER TABLE `players` DISABLE KEYS */;
INSERT INTO `players` VALUES ('bu1sc55i7nd3mi2dbs8g','Emily Taylor','2020-10-12 02:57:24'),('bu1sc55i7nd3mi2dbsf0','Benjamin Wilson','2020-10-12 02:57:25'),('bu1sc55i7nd3mi2dbslg','Joshua Smith','2020-10-12 02:57:25'),('bu1sc55i7nd3mi2dbss0','Charlotte Thompson','2020-10-12 02:57:25'),('bu1sc55i7nd3mi2dbt2g','Elizabeth Martinez','2020-10-12 02:57:25'),('bu1sc55i7nd3mi2dbt90','Natalie Martinez','2020-10-12 02:57:25'),('bu1sc55i7nd3mi2dbtfg','James Moore','2020-10-12 02:57:25'),('bu1sc5di7nd3mi2dbtm0','Daniel Moore','2020-10-12 02:57:25'),('bu1sc5di7nd3mi2dbtsg','Joshua Jones','2020-10-12 02:57:25'),('bu1sc5di7nd3mi2dbu30','Aubrey Garcia','2020-10-12 02:57:25'),('bu1sc5di7nd3mi2dbu9g','Natalie Garcia','2020-10-12 02:57:25'),('bu1sc5di7nd3mi2dbuag','William Martinez','2020-10-12 02:57:25'),('bu1sc5di7nd3mi2dbubg','Madison Harris','2020-10-12 02:57:25'),('bu1sc5di7nd3mi2dbucg','Olivia Martinez','2020-10-12 02:57:25'),('bu1sc5di7nd3mi2dbudg','Alexander Martin','2020-10-12 02:57:25'),('bu1sc5di7nd3mi2dbueg','Jayden Garcia','2020-10-12 02:57:25'),('bu1sc5di7nd3mi2dbufg','Ethan Miller','2020-10-12 02:57:25'),('bu1sc5di7nd3mi2dbugg','Aubrey Wilson','2020-10-12 02:57:25'),('bu1sc5di7nd3mi2dbuhg','Noah Johnson','2020-10-12 02:57:25'),('bu1sc5di7nd3mi2dbuig','Emily Johnson','2020-10-12 02:57:25'),('bu1sc7ti7nd28g415e20','Zoey Miller','2020-10-12 02:57:35'),('bu1sc7ti7nd28g415e8g','William Moore','2020-10-12 02:57:35'),('bu1sc7ti7nd28g415ef0','Benjamin Harris','2020-10-12 02:57:36'),('bu1sc7ti7nd28g415elg','Isabella Johnson','2020-10-12 02:57:36'),('bu1sc7ti7nd28g415es0','Mia Johnson','2020-10-12 02:57:36'),('bu1sc7ti7nd28g415f2g','Ava Moore','2020-10-12 02:57:36'),('bu1sc7ti7nd28g415f90','Michael Garcia','2020-10-12 02:57:36'),('bu1sc7ti7nd28g415ffg','Michael Moore','2020-10-12 02:57:36'),('bu1sc85i7nd28g415fm0','Ethan White','2020-10-12 02:57:36'),('bu1sc85i7nd28g415fsg','Elizabeth Davis','2020-10-12 02:57:36'),('bu1sc85i7nd28g415g30','Zoey Anderson','2020-10-12 02:57:36'),('bu1sc85i7nd28g415g40','William White','2020-10-12 02:57:36'),('bu1sc85i7nd28g415g50','Avery Smith','2020-10-12 02:57:36'),('bu1sc85i7nd28g415g60','Madison White','2020-10-12 02:57:36'),('bu1sc85i7nd28g415g70','Jayden Taylor','2020-10-12 02:57:36'),('bu1sc85i7nd28g415g80','Matthew Smith','2020-10-12 02:57:36'),('bu1sc85i7nd28g415g90','Anthony Martinez','2020-10-12 02:57:36'),('bu1sc85i7nd28g415ga0','Avery Robinson','2020-10-12 02:57:36'),('bu1sc85i7nd28g415gb0','Jayden Martin','2020-10-12 02:57:36'),('bu1sc85i7nd28g415gc0','Madison Davis','2020-10-12 02:57:36'),('bu1sc9li7nd4r54i02a0','Zoey Davis','2020-10-12 02:57:42'),('bu1sc9li7nd4r54i02gg','Anthony White','2020-10-12 02:57:42'),('bu1sc9li7nd4r54i02n0','James Brown','2020-10-12 02:57:42'),('bu1sc9li7nd4r54i02tg','Olivia Harris','2020-10-12 02:57:42'),('bu1sc9li7nd4r54i0340','Natalie Taylor','2020-10-12 02:57:42'),('bu1sc9li7nd4r54i03ag','Elizabeth Moore','2020-10-12 02:57:43'),('bu1sc9li7nd4r54i03h0','Daniel Garcia','2020-10-12 02:57:43'),('bu1sc9li7nd4r54i03ng','Noah Miller','2020-10-12 02:57:43'),('bu1sc9li7nd4r54i03u0','Ethan Anderson','2020-10-12 02:57:43'),('bu1sc9li7nd4r54i044g','Madison Moore','2020-10-12 02:57:43'),('bu1sc9ti7nd4r54i04b0','Lily Martin','2020-10-12 02:57:43'),('bu1sc9ti7nd4r54i04c0','Daniel Martin','2020-10-12 02:57:43'),('bu1sc9ti7nd4r54i04d0','Lily Moore','2020-10-12 02:57:43'),('bu1sc9ti7nd4r54i04e0','Ella Jones','2020-10-12 02:57:43'),('bu1sc9ti7nd4r54i04f0','Daniel Thomas','2020-10-12 02:57:43'),('bu1sc9ti7nd4r54i04g0','Mason Smith','2020-10-12 02:57:43'),('bu1sc9ti7nd4r54i04h0','Anthony Taylor','2020-10-12 02:57:43'),('bu1sc9ti7nd4r54i04i0','Isabella Williams','2020-10-12 02:57:43'),('bu1sc9ti7nd4r54i04j0','Jayden Martin','2020-10-12 02:57:43'),('bu1sc9ti7nd4r54i04k0','Chloe Jackson','2020-10-12 02:57:43');
/*!40000 ALTER TABLE `players` ENABLE KEYS */;
UNLOCK TABLES;

--
-- Table structure for table `sessionratings`
--

DROP TABLE IF EXISTS `sessionratings`;
/*!40101 SET @saved_cs_client     = @@character_set_client */;
/*!50503 SET character_set_client = utf8mb4 */;
CREATE TABLE `sessionratings` (
  `SessionId` varchar(20) NOT NULL,
  `PlayerId` varchar(20) NOT NULL,
  `Rating` decimal(2,0) DEFAULT NULL,
  `Comment` varchar(512) DEFAULT NULL,
  `TimeSubmitted` datetime DEFAULT NULL,
  PRIMARY KEY (`SessionId`,`PlayerId`),
  UNIQUE KEY `SessionId_UNIQUE` (`SessionId`,`PlayerId`)
) ENGINE=InnoDB DEFAULT CHARSET=utf8mb4 COLLATE=utf8mb4_0900_ai_ci;
/*!40101 SET character_set_client = @saved_cs_client */;

--
-- Dumping data for table `sessionratings`
--

LOCK TABLES `sessionratings` WRITE;
/*!40000 ALTER TABLE `sessionratings` DISABLE KEYS */;
INSERT INTO `sessionratings` VALUES ('bu1sc55i7nd3mi2dbs90','bu1sc55i7nd3mi2dbs8g',3,'But what sort of language would we have the world speak, if we were told the miracle of Babel was presently to be reversed?','2020-10-12 02:57:24'),('bu1sc55i7nd3mi2dbs9g','bu1sc55i7nd3mi2dbs8g',5,'It was at this time that the meeting, or, rather gathering of the mem- bers of this inharmonious family took place in the cell of the elder who had such an extraordinary influence on Alyosha.','2020-10-12 02:57:24'),('bu1sc55i7nd3mi2dbsa0','bu1sc55i7nd3mi2dbs8g',2,'The secular cooling that must someday overtake our planet has already gone far indeed with our neighbour.','2020-10-12 02:57:24'),('bu1sc55i7nd3mi2dbsag','bu1sc55i7nd3mi2dbs8g',4,'It was at this time that the meeting, or, rather gathering of the mem- bers of this inharmonious family took place in the cell of the elder who had such an extraordinary influence on Alyosha.','2020-10-12 02:57:24'),('bu1sc55i7nd3mi2dbsb0','bu1sc55i7nd3mi2dbs8g',1,'Then followed a battle of looks between them, but the captain soon knuckled under, put up his weapon, and resumed his seat, grumbling like a beaten dog.','2020-10-12 02:57:24'),('bu1sc55i7nd3mi2dbsbg','bu1sc55i7nd3mi2dbs8g',1,'But what sort of language would we have the world speak, if we were told the miracle of Babel was presently to be reversed?','2020-10-12 02:57:24'),('bu1sc55i7nd3mi2dbsc0','bu1sc55i7nd3mi2dbs8g',2,'Near it in the field, I remember, were three faint points of light, three telescopic stars infinitely remote, and all around it was the unfathomable darkness of empty space.','2020-10-12 02:57:24'),('bu1sc55i7nd3mi2dbscg','bu1sc55i7nd3mi2dbs8g',1,'He spoke of the happiness that was now certainly theirs, of the folly of not breaking sooner out of that magnificent prison of latter-day life, of the old romantic days that had passed from the world for ever.','2020-10-12 02:57:24'),('bu1sc55i7nd3mi2dbsd0','bu1sc55i7nd3mi2dbs8g',5,'He spoke of the happiness that was now certainly theirs, of the folly of not breaking sooner out of that magnificent prison of latter-day life, of the old romantic days that had passed from the world for ever.','2020-10-12 02:57:24'),('bu1sc55i7nd3mi2dbsdg','bu1sc55i7nd3mi2dbs8g',2,'It is no doubt an optimistic enterprise. But it is good for awhile to be free from the carping note that must needs be audible when we discuss our present imperfections, to release ourselves from practical difficulties and the tangle of ways and means. It is good to stop by the track for a space, put aside the knapsack, wipe the brows, and talk a little of the upper slopes of the mountain we think we are climbing, would but the trees let us see it','2020-10-12 02:57:24'),('bu1sc55i7nd3mi2dbse0','bu1sc55i7nd3mi2dbs8g',3,'It is a truth universally acknowledged, that a single man in possession of a good fortune, must be in want of a wife.','2020-10-12 02:57:25'),('bu1sc55i7nd3mi2dbseg','bu1sc55i7nd3mi2dbs8g',5,'The secular cooling that must someday overtake our planet has already gone far indeed with our neighbour.','2020-10-12 02:57:25'),('bu1sc55i7nd3mi2dbsfg','bu1sc55i7nd3mi2dbsf0',5,'It was at this time that the meeting, or, rather gathering of the mem- bers of this inharmonious family took place in the cell of the elder who had such an extraordinary influence on Alyosha.','2020-10-12 02:57:25'),('bu1sc55i7nd3mi2dbsg0','bu1sc55i7nd3mi2dbsf0',2,'The sun set; the dusk fell on the stream, and lights began to appear along the shore. The Chapman light–house, a three–legged thing erect on a mud–flat, shone strongly.','2020-10-12 02:57:25'),('bu1sc55i7nd3mi2dbsgg','bu1sc55i7nd3mi2dbsf0',1,'It is no doubt an optimistic enterprise. But it is good for awhile to be free from the carping note that must needs be audible when we discuss our present imperfections, to release ourselves from practical difficulties and the tangle of ways and means. It is good to stop by the track for a space, put aside the knapsack, wipe the brows, and talk a little of the upper slopes of the mountain we think we are climbing, would but the trees let us see it','2020-10-12 02:57:25'),('bu1sc55i7nd3mi2dbsh0','bu1sc55i7nd3mi2dbsf0',3,'It is a truth universally acknowledged, that a single man in possession of a good fortune, must be in want of a wife.','2020-10-12 02:57:25'),('bu1sc55i7nd3mi2dbshg','bu1sc55i7nd3mi2dbsf0',2,'She stared at him in astonishment, and as she read something of the significant hieroglyphic of his battered face, her lips whitened.','2020-10-12 02:57:25'),('bu1sc55i7nd3mi2dbsi0','bu1sc55i7nd3mi2dbsf0',1,'The sun set; the dusk fell on the stream, and lights began to appear along the shore. The Chapman light–house, a three–legged thing erect on a mud–flat, shone strongly.','2020-10-12 02:57:25'),('bu1sc55i7nd3mi2dbsig','bu1sc55i7nd3mi2dbsf0',2,'The secular cooling that must someday overtake our planet has already gone far indeed with our neighbour.','2020-10-12 02:57:25'),('bu1sc55i7nd3mi2dbsj0','bu1sc55i7nd3mi2dbsf0',4,'The sun set; the dusk fell on the stream, and lights began to appear along the shore. The Chapman light–house, a three–legged thing erect on a mud–flat, shone strongly.','2020-10-12 02:57:25'),('bu1sc55i7nd3mi2dbsjg','bu1sc55i7nd3mi2dbsf0',4,'And with that he went off to see my father, taking me with him by the arm.','2020-10-12 02:57:25'),('bu1sc55i7nd3mi2dbsk0','bu1sc55i7nd3mi2dbsf0',3,'Then followed a battle of looks between them, but the captain soon knuckled under, put up his weapon, and resumed his seat, grumbling like a beaten dog.','2020-10-12 02:57:25'),('bu1sc55i7nd3mi2dbskg','bu1sc55i7nd3mi2dbsf0',3,'But what sort of language would we have the world speak, if we were told the miracle of Babel was presently to be reversed?','2020-10-12 02:57:25'),('bu1sc55i7nd3mi2dbsl0','bu1sc55i7nd3mi2dbsf0',3,'But what sort of language would we have the world speak, if we were told the miracle of Babel was presently to be reversed?','2020-10-12 02:57:25'),('bu1sc55i7nd3mi2dbsm0','bu1sc55i7nd3mi2dbslg',1,'She stared at him in astonishment, and as she read something of the significant hieroglyphic of his battered face, her lips whitened.','2020-10-12 02:57:25'),('bu1sc55i7nd3mi2dbsmg','bu1sc55i7nd3mi2dbslg',1,'Then followed a battle of looks between them, but the captain soon knuckled under, put up his weapon, and resumed his seat, grumbling like a beaten dog.','2020-10-12 02:57:25'),('bu1sc55i7nd3mi2dbsn0','bu1sc55i7nd3mi2dbslg',2,'But what sort of language would we have the world speak, if we were told the miracle of Babel was presently to be reversed?','2020-10-12 02:57:25'),('bu1sc55i7nd3mi2dbsng','bu1sc55i7nd3mi2dbslg',4,'He spoke of the happiness that was now certainly theirs, of the folly of not breaking sooner out of that magnificent prison of latter-day life, of the old romantic days that had passed from the world for ever.','2020-10-12 02:57:25'),('bu1sc55i7nd3mi2dbso0','bu1sc55i7nd3mi2dbslg',3,'I protest, even warmly, that neither he nor his sorrows were in my intention.','2020-10-12 02:57:25'),('bu1sc55i7nd3mi2dbsog','bu1sc55i7nd3mi2dbslg',2,'It is no doubt an optimistic enterprise. But it is good for awhile to be free from the carping note that must needs be audible when we discuss our present imperfections, to release ourselves from practical difficulties and the tangle of ways and means. It is good to stop by the track for a space, put aside the knapsack, wipe the brows, and talk a little of the upper slopes of the mountain we think we are climbing, would but the trees let us see it','2020-10-12 02:57:25'),('bu1sc55i7nd3mi2dbsp0','bu1sc55i7nd3mi2dbslg',5,'I am all in a sea of wonders. I doubt; I fear; I think strange things, which I dare not confess to my own soul. God keep me, if only for the sake of those dear to me!','2020-10-12 02:57:25'),('bu1sc55i7nd3mi2dbspg','bu1sc55i7nd3mi2dbslg',2,'It was at this time that the meeting, or, rather gathering of the mem- bers of this inharmonious family took place in the cell of the elder who had such an extraordinary influence on Alyosha.','2020-10-12 02:57:25'),('bu1sc55i7nd3mi2dbsq0','bu1sc55i7nd3mi2dbslg',3,'Then followed a battle of looks between them, but the captain soon knuckled under, put up his weapon, and resumed his seat, grumbling like a beaten dog.','2020-10-12 02:57:25'),('bu1sc55i7nd3mi2dbsqg','bu1sc55i7nd3mi2dbslg',2,'He completely abandoned the child of his marriage with Adelaida Ivanovna, not from malice, nor because of his matrimoni- al grievances, but simply because he forgot him.','2020-10-12 02:57:25'),('bu1sc55i7nd3mi2dbsr0','bu1sc55i7nd3mi2dbslg',1,'I protest, even warmly, that neither he nor his sorrows were in my intention.','2020-10-12 02:57:25'),('bu1sc55i7nd3mi2dbsrg','bu1sc55i7nd3mi2dbslg',2,'One dog rolled before him, well-nigh slashed in half; but a second had him by the thigh, a third gripped his collar be- hind, and a fourth had the blade of the sword between its teeth, tasting its own blood.','2020-10-12 02:57:25'),('bu1sc55i7nd3mi2dbssg','bu1sc55i7nd3mi2dbss0',1,'The sun set; the dusk fell on the stream, and lights began to appear along the shore. The Chapman light–house, a three–legged thing erect on a mud–flat, shone strongly.','2020-10-12 02:57:25'),('bu1sc55i7nd3mi2dbst0','bu1sc55i7nd3mi2dbss0',5,'It is a truth universally acknowledged, that a single man in possession of a good fortune, must be in want of a wife.','2020-10-12 02:57:25'),('bu1sc55i7nd3mi2dbstg','bu1sc55i7nd3mi2dbss0',4,'He spoke of the happiness that was now certainly theirs, of the folly of not breaking sooner out of that magnificent prison of latter-day life, of the old romantic days that had passed from the world for ever.','2020-10-12 02:57:25'),('bu1sc55i7nd3mi2dbsu0','bu1sc55i7nd3mi2dbss0',4,'Have I come to Utopia to hear this sort of thing?','2020-10-12 02:57:25'),('bu1sc55i7nd3mi2dbsug','bu1sc55i7nd3mi2dbss0',3,'It is no doubt an optimistic enterprise. But it is good for awhile to be free from the carping note that must needs be audible when we discuss our present imperfections, to release ourselves from practical difficulties and the tangle of ways and means. It is good to stop by the track for a space, put aside the knapsack, wipe the brows, and talk a little of the upper slopes of the mountain we think we are climbing, would but the trees let us see it','2020-10-12 02:57:25'),('bu1sc55i7nd3mi2dbsv0','bu1sc55i7nd3mi2dbss0',4,'The Nellie, a cruising yawl, swung to her anchor without a flutter of the sails, and was at rest.','2020-10-12 02:57:25'),('bu1sc55i7nd3mi2dbsvg','bu1sc55i7nd3mi2dbss0',5,'It is no doubt an optimistic enterprise. But it is good for awhile to be free from the carping note that must needs be audible when we discuss our present imperfections, to release ourselves from practical difficulties and the tangle of ways and means. It is good to stop by the track for a space, put aside the knapsack, wipe the brows, and talk a little of the upper slopes of the mountain we think we are climbing, would but the trees let us see it','2020-10-12 02:57:25'),('bu1sc55i7nd3mi2dbt00','bu1sc55i7nd3mi2dbss0',5,'The sun set; the dusk fell on the stream, and lights began to appear along the shore. The Chapman light–house, a three–legged thing erect on a mud–flat, shone strongly.','2020-10-12 02:57:25'),('bu1sc55i7nd3mi2dbt0g','bu1sc55i7nd3mi2dbss0',4,'Then followed a battle of looks between them, but the captain soon knuckled under, put up his weapon, and resumed his seat, grumbling like a beaten dog.','2020-10-12 02:57:25'),('bu1sc55i7nd3mi2dbt10','bu1sc55i7nd3mi2dbss0',3,'She stared at him in astonishment, and as she read something of the significant hieroglyphic of his battered face, her lips whitened.','2020-10-12 02:57:25'),('bu1sc55i7nd3mi2dbt1g','bu1sc55i7nd3mi2dbss0',2,'It is a truth universally acknowledged, that a single man in possession of a good fortune, must be in want of a wife.','2020-10-12 02:57:25'),('bu1sc55i7nd3mi2dbt20','bu1sc55i7nd3mi2dbss0',5,'Have I come to Utopia to hear this sort of thing?','2020-10-12 02:57:25'),('bu1sc55i7nd3mi2dbt30','bu1sc55i7nd3mi2dbt2g',1,'It is no doubt an optimistic enterprise. But it is good for awhile to be free from the carping note that must needs be audible when we discuss our present imperfections, to release ourselves from practical difficulties and the tangle of ways and means. It is good to stop by the track for a space, put aside the knapsack, wipe the brows, and talk a little of the upper slopes of the mountain we think we are climbing, would but the trees let us see it','2020-10-12 02:57:25'),('bu1sc55i7nd3mi2dbt3g','bu1sc55i7nd3mi2dbt2g',1,'Near it in the field, I remember, were three faint points of light, three telescopic stars infinitely remote, and all around it was the unfathomable darkness of empty space.','2020-10-12 02:57:25'),('bu1sc55i7nd3mi2dbt40','bu1sc55i7nd3mi2dbt2g',4,'The sun set; the dusk fell on the stream, and lights began to appear along the shore. The Chapman light–house, a three–legged thing erect on a mud–flat, shone strongly.','2020-10-12 02:57:25'),('bu1sc55i7nd3mi2dbt4g','bu1sc55i7nd3mi2dbt2g',4,'Then followed a battle of looks between them, but the captain soon knuckled under, put up his weapon, and resumed his seat, grumbling like a beaten dog.','2020-10-12 02:57:25'),('bu1sc55i7nd3mi2dbt50','bu1sc55i7nd3mi2dbt2g',4,'He completely abandoned the child of his marriage with Adelaida Ivanovna, not from malice, nor because of his matrimoni- al grievances, but simply because he forgot him.','2020-10-12 02:57:25'),('bu1sc55i7nd3mi2dbt5g','bu1sc55i7nd3mi2dbt2g',1,'The Nellie, a cruising yawl, swung to her anchor without a flutter of the sails, and was at rest.','2020-10-12 02:57:25'),('bu1sc55i7nd3mi2dbt60','bu1sc55i7nd3mi2dbt2g',2,'Then followed a battle of looks between them, but the captain soon knuckled under, put up his weapon, and resumed his seat, grumbling like a beaten dog.','2020-10-12 02:57:25'),('bu1sc55i7nd3mi2dbt6g','bu1sc55i7nd3mi2dbt2g',1,'He spoke of the happiness that was now certainly theirs, of the folly of not breaking sooner out of that magnificent prison of latter-day life, of the old romantic days that had passed from the world for ever.','2020-10-12 02:57:25'),('bu1sc55i7nd3mi2dbt70','bu1sc55i7nd3mi2dbt2g',1,'She stared at him in astonishment, and as she read something of the significant hieroglyphic of his battered face, her lips whitened.','2020-10-12 02:57:25'),('bu1sc55i7nd3mi2dbt7g','bu1sc55i7nd3mi2dbt2g',2,'But what sort of language would we have the world speak, if we were told the miracle of Babel was presently to be reversed?','2020-10-12 02:57:25'),('bu1sc55i7nd3mi2dbt80','bu1sc55i7nd3mi2dbt2g',2,'It was at this time that the meeting, or, rather gathering of the mem- bers of this inharmonious family took place in the cell of the elder who had such an extraordinary influence on Alyosha.','2020-10-12 02:57:25'),('bu1sc55i7nd3mi2dbt8g','bu1sc55i7nd3mi2dbt2g',4,'The secular cooling that must someday overtake our planet has already gone far indeed with our neighbour.','2020-10-12 02:57:25'),('bu1sc55i7nd3mi2dbt9g','bu1sc55i7nd3mi2dbt90',3,'It is no doubt an optimistic enterprise. But it is good for awhile to be free from the carping note that must needs be audible when we discuss our present imperfections, to release ourselves from practical difficulties and the tangle of ways and means. It is good to stop by the track for a space, put aside the knapsack, wipe the brows, and talk a little of the upper slopes of the mountain we think we are climbing, would but the trees let us see it','2020-10-12 02:57:25'),('bu1sc55i7nd3mi2dbta0','bu1sc55i7nd3mi2dbt90',4,'Have I come to Utopia to hear this sort of thing?','2020-10-12 02:57:25'),('bu1sc55i7nd3mi2dbtag','bu1sc55i7nd3mi2dbt90',2,'One dog rolled before him, well-nigh slashed in half; but a second had him by the thigh, a third gripped his collar be- hind, and a fourth had the blade of the sword between its teeth, tasting its own blood.','2020-10-12 02:57:25'),('bu1sc55i7nd3mi2dbtb0','bu1sc55i7nd3mi2dbt90',4,'It is a truth universally acknowledged, that a single man in possession of a good fortune, must be in want of a wife.','2020-10-12 02:57:25'),('bu1sc55i7nd3mi2dbtbg','bu1sc55i7nd3mi2dbt90',2,'It is no doubt an optimistic enterprise. But it is good for awhile to be free from the carping note that must needs be audible when we discuss our present imperfections, to release ourselves from practical difficulties and the tangle of ways and means. It is good to stop by the track for a space, put aside the knapsack, wipe the brows, and talk a little of the upper slopes of the mountain we think we are climbing, would but the trees let us see it','2020-10-12 02:57:25'),('bu1sc55i7nd3mi2dbtc0','bu1sc55i7nd3mi2dbt90',3,'She stared at him in astonishment, and as she read something of the significant hieroglyphic of his battered face, her lips whitened.','2020-10-12 02:57:25'),('bu1sc55i7nd3mi2dbtcg','bu1sc55i7nd3mi2dbt90',4,'Then followed a battle of looks between them, but the captain soon knuckled under, put up his weapon, and resumed his seat, grumbling like a beaten dog.','2020-10-12 02:57:25'),('bu1sc55i7nd3mi2dbtd0','bu1sc55i7nd3mi2dbt90',3,'I protest, even warmly, that neither he nor his sorrows were in my intention.','2020-10-12 02:57:25'),('bu1sc55i7nd3mi2dbtdg','bu1sc55i7nd3mi2dbt90',5,'I am all in a sea of wonders. I doubt; I fear; I think strange things, which I dare not confess to my own soul. God keep me, if only for the sake of those dear to me!','2020-10-12 02:57:25'),('bu1sc55i7nd3mi2dbte0','bu1sc55i7nd3mi2dbt90',3,'I protest, even warmly, that neither he nor his sorrows were in my intention.','2020-10-12 02:57:25'),('bu1sc55i7nd3mi2dbteg','bu1sc55i7nd3mi2dbt90',4,'The Nellie, a cruising yawl, swung to her anchor without a flutter of the sails, and was at rest.','2020-10-12 02:57:25'),('bu1sc55i7nd3mi2dbtf0','bu1sc55i7nd3mi2dbt90',2,'The Nellie, a cruising yawl, swung to her anchor without a flutter of the sails, and was at rest.','2020-10-12 02:57:25'),('bu1sc5di7nd3mi2dbtg0','bu1sc55i7nd3mi2dbtfg',4,'The Nellie, a cruising yawl, swung to her anchor without a flutter of the sails, and was at rest.','2020-10-12 02:57:25'),('bu1sc5di7nd3mi2dbtgg','bu1sc55i7nd3mi2dbtfg',4,'He spoke of the happiness that was now certainly theirs, of the folly of not breaking sooner out of that magnificent prison of latter-day life, of the old romantic days that had passed from the world for ever.','2020-10-12 02:57:25'),('bu1sc5di7nd3mi2dbth0','bu1sc55i7nd3mi2dbtfg',3,'She stared at him in astonishment, and as she read something of the significant hieroglyphic of his battered face, her lips whitened.','2020-10-12 02:57:25'),('bu1sc5di7nd3mi2dbthg','bu1sc55i7nd3mi2dbtfg',4,'Then followed a battle of looks between them, but the captain soon knuckled under, put up his weapon, and resumed his seat, grumbling like a beaten dog.','2020-10-12 02:57:25'),('bu1sc5di7nd3mi2dbti0','bu1sc55i7nd3mi2dbtfg',2,'He spoke of the happiness that was now certainly theirs, of the folly of not breaking sooner out of that magnificent prison of latter-day life, of the old romantic days that had passed from the world for ever.','2020-10-12 02:57:25'),('bu1sc5di7nd3mi2dbtig','bu1sc55i7nd3mi2dbtfg',5,'I protest, even warmly, that neither he nor his sorrows were in my intention.','2020-10-12 02:57:25'),('bu1sc5di7nd3mi2dbtj0','bu1sc55i7nd3mi2dbtfg',4,'Then followed a battle of looks between them, but the captain soon knuckled under, put up his weapon, and resumed his seat, grumbling like a beaten dog.','2020-10-12 02:57:25'),('bu1sc5di7nd3mi2dbtjg','bu1sc55i7nd3mi2dbtfg',4,'It was at this time that the meeting, or, rather gathering of the mem- bers of this inharmonious family took place in the cell of the elder who had such an extraordinary influence on Alyosha.','2020-10-12 02:57:25'),('bu1sc5di7nd3mi2dbtk0','bu1sc55i7nd3mi2dbtfg',2,'It is a truth universally acknowledged, that a single man in possession of a good fortune, must be in want of a wife.','2020-10-12 02:57:25'),('bu1sc5di7nd3mi2dbtkg','bu1sc55i7nd3mi2dbtfg',3,'It was at this time that the meeting, or, rather gathering of the mem- bers of this inharmonious family took place in the cell of the elder who had such an extraordinary influence on Alyosha.','2020-10-12 02:57:25'),('bu1sc5di7nd3mi2dbtl0','bu1sc55i7nd3mi2dbtfg',4,'She stared at him in astonishment, and as she read something of the significant hieroglyphic of his battered face, her lips whitened.','2020-10-12 02:57:25'),('bu1sc5di7nd3mi2dbtlg','bu1sc55i7nd3mi2dbtfg',2,'She stared at him in astonishment, and as she read something of the significant hieroglyphic of his battered face, her lips whitened.','2020-10-12 02:57:25'),('bu1sc5di7nd3mi2dbtmg','bu1sc5di7nd3mi2dbtm0',3,'The Nellie, a cruising yawl, swung to her anchor without a flutter of the sails, and was at rest.','2020-10-12 02:57:25'),('bu1sc5di7nd3mi2dbtn0','bu1sc5di7nd3mi2dbtm0',1,'Then followed a battle of looks between them, but the captain soon knuckled under, put up his weapon, and resumed his seat, grumbling like a beaten dog.','2020-10-12 02:57:25'),('bu1sc5di7nd3mi2dbtng','bu1sc5di7nd3mi2dbtm0',4,'She stared at him in astonishment, and as she read something of the significant hieroglyphic of his battered face, her lips whitened.','2020-10-12 02:57:25'),('bu1sc5di7nd3mi2dbto0','bu1sc5di7nd3mi2dbtm0',3,'He completely abandoned the child of his marriage with Adelaida Ivanovna, not from malice, nor because of his matrimoni- al grievances, but simply because he forgot him.','2020-10-12 02:57:25'),('bu1sc5di7nd3mi2dbtog','bu1sc5di7nd3mi2dbtm0',4,'He completely abandoned the child of his marriage with Adelaida Ivanovna, not from malice, nor because of his matrimoni- al grievances, but simply because he forgot him.','2020-10-12 02:57:25'),('bu1sc5di7nd3mi2dbtp0','bu1sc5di7nd3mi2dbtm0',1,'It is no doubt an optimistic enterprise. But it is good for awhile to be free from the carping note that must needs be audible when we discuss our present imperfections, to release ourselves from practical difficulties and the tangle of ways and means. It is good to stop by the track for a space, put aside the knapsack, wipe the brows, and talk a little of the upper slopes of the mountain we think we are climbing, would but the trees let us see it','2020-10-12 02:57:25'),('bu1sc5di7nd3mi2dbtpg','bu1sc5di7nd3mi2dbtm0',4,'He completely abandoned the child of his marriage with Adelaida Ivanovna, not from malice, nor because of his matrimoni- al grievances, but simply because he forgot him.','2020-10-12 02:57:25'),('bu1sc5di7nd3mi2dbtq0','bu1sc5di7nd3mi2dbtm0',1,'But what sort of language would we have the world speak, if we were told the miracle of Babel was presently to be reversed?','2020-10-12 02:57:25'),('bu1sc5di7nd3mi2dbtqg','bu1sc5di7nd3mi2dbtm0',2,'I am all in a sea of wonders. I doubt; I fear; I think strange things, which I dare not confess to my own soul. God keep me, if only for the sake of those dear to me!','2020-10-12 02:57:25'),('bu1sc5di7nd3mi2dbtr0','bu1sc5di7nd3mi2dbtm0',1,'I protest, even warmly, that neither he nor his sorrows were in my intention.','2020-10-12 02:57:25'),('bu1sc5di7nd3mi2dbtrg','bu1sc5di7nd3mi2dbtm0',3,'It was at this time that the meeting, or, rather gathering of the mem- bers of this inharmonious family took place in the cell of the elder who had such an extraordinary influence on Alyosha.','2020-10-12 02:57:25'),('bu1sc5di7nd3mi2dbts0','bu1sc5di7nd3mi2dbtm0',3,'It is a truth universally acknowledged, that a single man in possession of a good fortune, must be in want of a wife.','2020-10-12 02:57:25'),('bu1sc5di7nd3mi2dbtt0','bu1sc5di7nd3mi2dbtsg',1,'I am all in a sea of wonders. I doubt; I fear; I think strange things, which I dare not confess to my own soul. God keep me, if only for the sake of those dear to me!','2020-10-12 02:57:25'),('bu1sc5di7nd3mi2dbttg','bu1sc5di7nd3mi2dbtsg',1,'The sun set; the dusk fell on the stream, and lights began to appear along the shore. The Chapman light–house, a three–legged thing erect on a mud–flat, shone strongly.','2020-10-12 02:57:25'),('bu1sc5di7nd3mi2dbtu0','bu1sc5di7nd3mi2dbtsg',1,'It was at this time that the meeting, or, rather gathering of the mem- bers of this inharmonious family took place in the cell of the elder who had such an extraordinary influence on Alyosha.','2020-10-12 02:57:25'),('bu1sc5di7nd3mi2dbtug','bu1sc5di7nd3mi2dbtsg',3,'I am all in a sea of wonders. I doubt; I fear; I think strange things, which I dare not confess to my own soul. God keep me, if only for the sake of those dear to me!','2020-10-12 02:57:25'),('bu1sc5di7nd3mi2dbtv0','bu1sc5di7nd3mi2dbtsg',4,'He completely abandoned the child of his marriage with Adelaida Ivanovna, not from malice, nor because of his matrimoni- al grievances, but simply because he forgot him.','2020-10-12 02:57:25'),('bu1sc5di7nd3mi2dbtvg','bu1sc5di7nd3mi2dbtsg',4,'I am all in a sea of wonders. I doubt; I fear; I think strange things, which I dare not confess to my own soul. God keep me, if only for the sake of those dear to me!','2020-10-12 02:57:25'),('bu1sc5di7nd3mi2dbu00','bu1sc5di7nd3mi2dbtsg',2,'I am all in a sea of wonders. I doubt; I fear; I think strange things, which I dare not confess to my own soul. God keep me, if only for the sake of those dear to me!','2020-10-12 02:57:25'),('bu1sc5di7nd3mi2dbu0g','bu1sc5di7nd3mi2dbtsg',3,'I protest, even warmly, that neither he nor his sorrows were in my intention.','2020-10-12 02:57:25'),('bu1sc5di7nd3mi2dbu10','bu1sc5di7nd3mi2dbtsg',5,'One dog rolled before him, well-nigh slashed in half; but a second had him by the thigh, a third gripped his collar be- hind, and a fourth had the blade of the sword between its teeth, tasting its own blood.','2020-10-12 02:57:25'),('bu1sc5di7nd3mi2dbu1g','bu1sc5di7nd3mi2dbtsg',3,'But what sort of language would we have the world speak, if we were told the miracle of Babel was presently to be reversed?','2020-10-12 02:57:25'),('bu1sc5di7nd3mi2dbu20','bu1sc5di7nd3mi2dbtsg',3,'The Nellie, a cruising yawl, swung to her anchor without a flutter of the sails, and was at rest.','2020-10-12 02:57:25'),('bu1sc5di7nd3mi2dbu2g','bu1sc5di7nd3mi2dbtsg',3,'I am all in a sea of wonders. I doubt; I fear; I think strange things, which I dare not confess to my own soul. God keep me, if only for the sake of those dear to me!','2020-10-12 02:57:25'),('bu1sc5di7nd3mi2dbu3g','bu1sc5di7nd3mi2dbu30',5,'But what sort of language would we have the world speak, if we were told the miracle of Babel was presently to be reversed?','2020-10-12 02:57:25'),('bu1sc5di7nd3mi2dbu40','bu1sc5di7nd3mi2dbu30',2,'I am all in a sea of wonders. I doubt; I fear; I think strange things, which I dare not confess to my own soul. God keep me, if only for the sake of those dear to me!','2020-10-12 02:57:25'),('bu1sc5di7nd3mi2dbu4g','bu1sc5di7nd3mi2dbu30',3,'She stared at him in astonishment, and as she read something of the significant hieroglyphic of his battered face, her lips whitened.','2020-10-12 02:57:25'),('bu1sc5di7nd3mi2dbu50','bu1sc5di7nd3mi2dbu30',2,'She stared at him in astonishment, and as she read something of the significant hieroglyphic of his battered face, her lips whitened.','2020-10-12 02:57:25'),('bu1sc5di7nd3mi2dbu5g','bu1sc5di7nd3mi2dbu30',5,'One dog rolled before him, well-nigh slashed in half; but a second had him by the thigh, a third gripped his collar be- hind, and a fourth had the blade of the sword between its teeth, tasting its own blood.','2020-10-12 02:57:25'),('bu1sc5di7nd3mi2dbu60','bu1sc5di7nd3mi2dbu30',2,'Near it in the field, I remember, were three faint points of light, three telescopic stars infinitely remote, and all around it was the unfathomable darkness of empty space.','2020-10-12 02:57:25'),('bu1sc5di7nd3mi2dbu6g','bu1sc5di7nd3mi2dbu30',1,'It was at this time that the meeting, or, rather gathering of the mem- bers of this inharmonious family took place in the cell of the elder who had such an extraordinary influence on Alyosha.','2020-10-12 02:57:25'),('bu1sc5di7nd3mi2dbu70','bu1sc5di7nd3mi2dbu30',4,'Near it in the field, I remember, were three faint points of light, three telescopic stars infinitely remote, and all around it was the unfathomable darkness of empty space.','2020-10-12 02:57:25'),('bu1sc5di7nd3mi2dbu7g','bu1sc5di7nd3mi2dbu30',2,'I am all in a sea of wonders. I doubt; I fear; I think strange things, which I dare not confess to my own soul. God keep me, if only for the sake of those dear to me!','2020-10-12 02:57:25'),('bu1sc5di7nd3mi2dbu80','bu1sc5di7nd3mi2dbu30',5,'He spoke of the happiness that was now certainly theirs, of the folly of not breaking sooner out of that magnificent prison of latter-day life, of the old romantic days that had passed from the world for ever.','2020-10-12 02:57:25'),('bu1sc5di7nd3mi2dbu8g','bu1sc5di7nd3mi2dbu30',2,'The secular cooling that must someday overtake our planet has already gone far indeed with our neighbour.','2020-10-12 02:57:25'),('bu1sc5di7nd3mi2dbu90','bu1sc5di7nd3mi2dbu30',3,'And with that he went off to see my father, taking me with him by the arm.','2020-10-12 02:57:25'),('bu1sc5di7nd3mi2dbua0','bu1sc5di7nd3mi2dbu9g',3,'TestComment','2020-10-12 03:04:15'),('bu1sc7ti7nd28g415e2g','bu1sc7ti7nd28g415e20',3,'Have I come to Utopia to hear this sort of thing?','2020-10-12 02:57:35'),('bu1sc7ti7nd28g415e30','bu1sc7ti7nd28g415e20',5,'One dog rolled before him, well-nigh slashed in half; but a second had him by the thigh, a third gripped his collar be- hind, and a fourth had the blade of the sword between its teeth, tasting its own blood.','2020-10-12 02:57:35'),('bu1sc7ti7nd28g415e3g','bu1sc7ti7nd28g415e20',2,'Near it in the field, I remember, were three faint points of light, three telescopic stars infinitely remote, and all around it was the unfathomable darkness of empty space.','2020-10-12 02:57:35'),('bu1sc7ti7nd28g415e40','bu1sc7ti7nd28g415e20',4,'The sun set; the dusk fell on the stream, and lights began to appear along the shore. The Chapman light–house, a three–legged thing erect on a mud–flat, shone strongly.','2020-10-12 02:57:35'),('bu1sc7ti7nd28g415e4g','bu1sc7ti7nd28g415e20',1,'The sun set; the dusk fell on the stream, and lights began to appear along the shore. The Chapman light–house, a three–legged thing erect on a mud–flat, shone strongly.','2020-10-12 02:57:35'),('bu1sc7ti7nd28g415e50','bu1sc7ti7nd28g415e20',1,'Have I come to Utopia to hear this sort of thing?','2020-10-12 02:57:35'),('bu1sc7ti7nd28g415e5g','bu1sc7ti7nd28g415e20',2,'Have I come to Utopia to hear this sort of thing?','2020-10-12 02:57:35'),('bu1sc7ti7nd28g415e60','bu1sc7ti7nd28g415e20',1,'He spoke of the happiness that was now certainly theirs, of the folly of not breaking sooner out of that magnificent prison of latter-day life, of the old romantic days that had passed from the world for ever.','2020-10-12 02:57:35'),('bu1sc7ti7nd28g415e6g','bu1sc7ti7nd28g415e20',5,'But what sort of language would we have the world speak, if we were told the miracle of Babel was presently to be reversed?','2020-10-12 02:57:35'),('bu1sc7ti7nd28g415e70','bu1sc7ti7nd28g415e20',2,'But what sort of language would we have the world speak, if we were told the miracle of Babel was presently to be reversed?','2020-10-12 02:57:35'),('bu1sc7ti7nd28g415e7g','bu1sc7ti7nd28g415e20',3,'The secular cooling that must someday overtake our planet has already gone far indeed with our neighbour.','2020-10-12 02:57:35'),('bu1sc7ti7nd28g415e80','bu1sc7ti7nd28g415e20',5,'She stared at him in astonishment, and as she read something of the significant hieroglyphic of his battered face, her lips whitened.','2020-10-12 02:57:35'),('bu1sc7ti7nd28g415e90','bu1sc7ti7nd28g415e8g',5,'Then followed a battle of looks between them, but the captain soon knuckled under, put up his weapon, and resumed his seat, grumbling like a beaten dog.','2020-10-12 02:57:36'),('bu1sc7ti7nd28g415e9g','bu1sc7ti7nd28g415e8g',2,'She stared at him in astonishment, and as she read something of the significant hieroglyphic of his battered face, her lips whitened.','2020-10-12 02:57:36'),('bu1sc7ti7nd28g415ea0','bu1sc7ti7nd28g415e8g',1,'He spoke of the happiness that was now certainly theirs, of the folly of not breaking sooner out of that magnificent prison of latter-day life, of the old romantic days that had passed from the world for ever.','2020-10-12 02:57:36'),('bu1sc7ti7nd28g415eag','bu1sc7ti7nd28g415e8g',3,'One dog rolled before him, well-nigh slashed in half; but a second had him by the thigh, a third gripped his collar be- hind, and a fourth had the blade of the sword between its teeth, tasting its own blood.','2020-10-12 02:57:36'),('bu1sc7ti7nd28g415eb0','bu1sc7ti7nd28g415e8g',2,'But what sort of language would we have the world speak, if we were told the miracle of Babel was presently to be reversed?','2020-10-12 02:57:36'),('bu1sc7ti7nd28g415ebg','bu1sc7ti7nd28g415e8g',1,'He completely abandoned the child of his marriage with Adelaida Ivanovna, not from malice, nor because of his matrimoni- al grievances, but simply because he forgot him.','2020-10-12 02:57:36'),('bu1sc7ti7nd28g415ec0','bu1sc7ti7nd28g415e8g',2,'I am all in a sea of wonders. I doubt; I fear; I think strange things, which I dare not confess to my own soul. God keep me, if only for the sake of those dear to me!','2020-10-12 02:57:36'),('bu1sc7ti7nd28g415ecg','bu1sc7ti7nd28g415e8g',4,'She stared at him in astonishment, and as she read something of the significant hieroglyphic of his battered face, her lips whitened.','2020-10-12 02:57:36'),('bu1sc7ti7nd28g415ed0','bu1sc7ti7nd28g415e8g',4,'The secular cooling that must someday overtake our planet has already gone far indeed with our neighbour.','2020-10-12 02:57:36'),('bu1sc7ti7nd28g415edg','bu1sc7ti7nd28g415e8g',3,'The sun set; the dusk fell on the stream, and lights began to appear along the shore. The Chapman light–house, a three–legged thing erect on a mud–flat, shone strongly.','2020-10-12 02:57:36'),('bu1sc7ti7nd28g415ee0','bu1sc7ti7nd28g415e8g',3,'She stared at him in astonishment, and as she read something of the significant hieroglyphic of his battered face, her lips whitened.','2020-10-12 02:57:36'),('bu1sc7ti7nd28g415eeg','bu1sc7ti7nd28g415e8g',3,'She stared at him in astonishment, and as she read something of the significant hieroglyphic of his battered face, her lips whitened.','2020-10-12 02:57:36'),('bu1sc7ti7nd28g415efg','bu1sc7ti7nd28g415ef0',1,'It is no doubt an optimistic enterprise. But it is good for awhile to be free from the carping note that must needs be audible when we discuss our present imperfections, to release ourselves from practical difficulties and the tangle of ways and means. It is good to stop by the track for a space, put aside the knapsack, wipe the brows, and talk a little of the upper slopes of the mountain we think we are climbing, would but the trees let us see it','2020-10-12 02:57:36'),('bu1sc7ti7nd28g415eg0','bu1sc7ti7nd28g415ef0',1,'Then followed a battle of looks between them, but the captain soon knuckled under, put up his weapon, and resumed his seat, grumbling like a beaten dog.','2020-10-12 02:57:36'),('bu1sc7ti7nd28g415egg','bu1sc7ti7nd28g415ef0',2,'But what sort of language would we have the world speak, if we were told the miracle of Babel was presently to be reversed?','2020-10-12 02:57:36'),('bu1sc7ti7nd28g415eh0','bu1sc7ti7nd28g415ef0',4,'Then followed a battle of looks between them, but the captain soon knuckled under, put up his weapon, and resumed his seat, grumbling like a beaten dog.','2020-10-12 02:57:36'),('bu1sc7ti7nd28g415ehg','bu1sc7ti7nd28g415ef0',3,'Have I come to Utopia to hear this sort of thing?','2020-10-12 02:57:36'),('bu1sc7ti7nd28g415ei0','bu1sc7ti7nd28g415ef0',2,'One dog rolled before him, well-nigh slashed in half; but a second had him by the thigh, a third gripped his collar be- hind, and a fourth had the blade of the sword between its teeth, tasting its own blood.','2020-10-12 02:57:36'),('bu1sc7ti7nd28g415eig','bu1sc7ti7nd28g415ef0',5,'I protest, even warmly, that neither he nor his sorrows were in my intention.','2020-10-12 02:57:36'),('bu1sc7ti7nd28g415ej0','bu1sc7ti7nd28g415ef0',2,'The secular cooling that must someday overtake our planet has already gone far indeed with our neighbour.','2020-10-12 02:57:36'),('bu1sc7ti7nd28g415ejg','bu1sc7ti7nd28g415ef0',3,'The Nellie, a cruising yawl, swung to her anchor without a flutter of the sails, and was at rest.','2020-10-12 02:57:36'),('bu1sc7ti7nd28g415ek0','bu1sc7ti7nd28g415ef0',2,'He spoke of the happiness that was now certainly theirs, of the folly of not breaking sooner out of that magnificent prison of latter-day life, of the old romantic days that had passed from the world for ever.','2020-10-12 02:57:36'),('bu1sc7ti7nd28g415ekg','bu1sc7ti7nd28g415ef0',1,'It was at this time that the meeting, or, rather gathering of the mem- bers of this inharmonious family took place in the cell of the elder who had such an extraordinary influence on Alyosha.','2020-10-12 02:57:36'),('bu1sc7ti7nd28g415el0','bu1sc7ti7nd28g415ef0',2,'He completely abandoned the child of his marriage with Adelaida Ivanovna, not from malice, nor because of his matrimoni- al grievances, but simply because he forgot him.','2020-10-12 02:57:36'),('bu1sc7ti7nd28g415em0','bu1sc7ti7nd28g415elg',1,'And with that he went off to see my father, taking me with him by the arm.','2020-10-12 02:57:36'),('bu1sc7ti7nd28g415emg','bu1sc7ti7nd28g415elg',5,'She stared at him in astonishment, and as she read something of the significant hieroglyphic of his battered face, her lips whitened.','2020-10-12 02:57:36'),('bu1sc7ti7nd28g415en0','bu1sc7ti7nd28g415elg',4,'One dog rolled before him, well-nigh slashed in half; but a second had him by the thigh, a third gripped his collar be- hind, and a fourth had the blade of the sword between its teeth, tasting its own blood.','2020-10-12 02:57:36'),('bu1sc7ti7nd28g415eng','bu1sc7ti7nd28g415elg',4,'It is a truth universally acknowledged, that a single man in possession of a good fortune, must be in want of a wife.','2020-10-12 02:57:36'),('bu1sc7ti7nd28g415eo0','bu1sc7ti7nd28g415elg',3,'The sun set; the dusk fell on the stream, and lights began to appear along the shore. The Chapman light–house, a three–legged thing erect on a mud–flat, shone strongly.','2020-10-12 02:57:36'),('bu1sc7ti7nd28g415eog','bu1sc7ti7nd28g415elg',4,'The sun set; the dusk fell on the stream, and lights began to appear along the shore. The Chapman light–house, a three–legged thing erect on a mud–flat, shone strongly.','2020-10-12 02:57:36'),('bu1sc7ti7nd28g415ep0','bu1sc7ti7nd28g415elg',5,'It was at this time that the meeting, or, rather gathering of the mem- bers of this inharmonious family took place in the cell of the elder who had such an extraordinary influence on Alyosha.','2020-10-12 02:57:36'),('bu1sc7ti7nd28g415epg','bu1sc7ti7nd28g415elg',5,'Near it in the field, I remember, were three faint points of light, three telescopic stars infinitely remote, and all around it was the unfathomable darkness of empty space.','2020-10-12 02:57:36'),('bu1sc7ti7nd28g415eq0','bu1sc7ti7nd28g415elg',4,'And with that he went off to see my father, taking me with him by the arm.','2020-10-12 02:57:36'),('bu1sc7ti7nd28g415eqg','bu1sc7ti7nd28g415elg',3,'He spoke of the happiness that was now certainly theirs, of the folly of not breaking sooner out of that magnificent prison of latter-day life, of the old romantic days that had passed from the world for ever.','2020-10-12 02:57:36'),('bu1sc7ti7nd28g415er0','bu1sc7ti7nd28g415elg',2,'But what sort of language would we have the world speak, if we were told the miracle of Babel was presently to be reversed?','2020-10-12 02:57:36'),('bu1sc7ti7nd28g415erg','bu1sc7ti7nd28g415elg',5,'He spoke of the happiness that was now certainly theirs, of the folly of not breaking sooner out of that magnificent prison of latter-day life, of the old romantic days that had passed from the world for ever.','2020-10-12 02:57:36'),('bu1sc7ti7nd28g415esg','bu1sc7ti7nd28g415es0',1,'She stared at him in astonishment, and as she read something of the significant hieroglyphic of his battered face, her lips whitened.','2020-10-12 02:57:36'),('bu1sc7ti7nd28g415et0','bu1sc7ti7nd28g415es0',1,'And with that he went off to see my father, taking me with him by the arm.','2020-10-12 02:57:36'),('bu1sc7ti7nd28g415etg','bu1sc7ti7nd28g415es0',4,'Then followed a battle of looks between them, but the captain soon knuckled under, put up his weapon, and resumed his seat, grumbling like a beaten dog.','2020-10-12 02:57:36'),('bu1sc7ti7nd28g415eu0','bu1sc7ti7nd28g415es0',4,'The secular cooling that must someday overtake our planet has already gone far indeed with our neighbour.','2020-10-12 02:57:36'),('bu1sc7ti7nd28g415eug','bu1sc7ti7nd28g415es0',4,'Have I come to Utopia to hear this sort of thing?','2020-10-12 02:57:36'),('bu1sc7ti7nd28g415ev0','bu1sc7ti7nd28g415es0',1,'I am all in a sea of wonders. I doubt; I fear; I think strange things, which I dare not confess to my own soul. God keep me, if only for the sake of those dear to me!','2020-10-12 02:57:36'),('bu1sc7ti7nd28g415evg','bu1sc7ti7nd28g415es0',2,'He completely abandoned the child of his marriage with Adelaida Ivanovna, not from malice, nor because of his matrimoni- al grievances, but simply because he forgot him.','2020-10-12 02:57:36'),('bu1sc7ti7nd28g415f00','bu1sc7ti7nd28g415es0',1,'The secular cooling that must someday overtake our planet has already gone far indeed with our neighbour.','2020-10-12 02:57:36'),('bu1sc7ti7nd28g415f0g','bu1sc7ti7nd28g415es0',1,'It is no doubt an optimistic enterprise. But it is good for awhile to be free from the carping note that must needs be audible when we discuss our present imperfections, to release ourselves from practical difficulties and the tangle of ways and means. It is good to stop by the track for a space, put aside the knapsack, wipe the brows, and talk a little of the upper slopes of the mountain we think we are climbing, would but the trees let us see it','2020-10-12 02:57:36'),('bu1sc7ti7nd28g415f10','bu1sc7ti7nd28g415es0',2,'It was at this time that the meeting, or, rather gathering of the mem- bers of this inharmonious family took place in the cell of the elder who had such an extraordinary influence on Alyosha.','2020-10-12 02:57:36'),('bu1sc7ti7nd28g415f1g','bu1sc7ti7nd28g415es0',2,'It was at this time that the meeting, or, rather gathering of the mem- bers of this inharmonious family took place in the cell of the elder who had such an extraordinary influence on Alyosha.','2020-10-12 02:57:36'),('bu1sc7ti7nd28g415f20','bu1sc7ti7nd28g415es0',4,'I am all in a sea of wonders. I doubt; I fear; I think strange things, which I dare not confess to my own soul. God keep me, if only for the sake of those dear to me!','2020-10-12 02:57:36'),('bu1sc7ti7nd28g415f30','bu1sc7ti7nd28g415f2g',3,'The secular cooling that must someday overtake our planet has already gone far indeed with our neighbour.','2020-10-12 02:57:36'),('bu1sc7ti7nd28g415f3g','bu1sc7ti7nd28g415f2g',4,'I protest, even warmly, that neither he nor his sorrows were in my intention.','2020-10-12 02:57:36'),('bu1sc7ti7nd28g415f40','bu1sc7ti7nd28g415f2g',2,'She stared at him in astonishment, and as she read something of the significant hieroglyphic of his battered face, her lips whitened.','2020-10-12 02:57:36'),('bu1sc7ti7nd28g415f4g','bu1sc7ti7nd28g415f2g',4,'He spoke of the happiness that was now certainly theirs, of the folly of not breaking sooner out of that magnificent prison of latter-day life, of the old romantic days that had passed from the world for ever.','2020-10-12 02:57:36'),('bu1sc7ti7nd28g415f50','bu1sc7ti7nd28g415f2g',2,'Near it in the field, I remember, were three faint points of light, three telescopic stars infinitely remote, and all around it was the unfathomable darkness of empty space.','2020-10-12 02:57:36'),('bu1sc7ti7nd28g415f5g','bu1sc7ti7nd28g415f2g',3,'The secular cooling that must someday overtake our planet has already gone far indeed with our neighbour.','2020-10-12 02:57:36'),('bu1sc7ti7nd28g415f60','bu1sc7ti7nd28g415f2g',4,'It was at this time that the meeting, or, rather gathering of the mem- bers of this inharmonious family took place in the cell of the elder who had such an extraordinary influence on Alyosha.','2020-10-12 02:57:36'),('bu1sc7ti7nd28g415f6g','bu1sc7ti7nd28g415f2g',3,'Near it in the field, I remember, were three faint points of light, three telescopic stars infinitely remote, and all around it was the unfathomable darkness of empty space.','2020-10-12 02:57:36'),('bu1sc7ti7nd28g415f70','bu1sc7ti7nd28g415f2g',5,'She stared at him in astonishment, and as she read something of the significant hieroglyphic of his battered face, her lips whitened.','2020-10-12 02:57:36'),('bu1sc7ti7nd28g415f7g','bu1sc7ti7nd28g415f2g',3,'Have I come to Utopia to hear this sort of thing?','2020-10-12 02:57:36'),('bu1sc7ti7nd28g415f80','bu1sc7ti7nd28g415f2g',4,'But what sort of language would we have the world speak, if we were told the miracle of Babel was presently to be reversed?','2020-10-12 02:57:36'),('bu1sc7ti7nd28g415f8g','bu1sc7ti7nd28g415f2g',2,'The Nellie, a cruising yawl, swung to her anchor without a flutter of the sails, and was at rest.','2020-10-12 02:57:36'),('bu1sc7ti7nd28g415f9g','bu1sc7ti7nd28g415f90',4,'It was at this time that the meeting, or, rather gathering of the mem- bers of this inharmonious family took place in the cell of the elder who had such an extraordinary influence on Alyosha.','2020-10-12 02:57:36'),('bu1sc7ti7nd28g415fa0','bu1sc7ti7nd28g415f90',4,'The secular cooling that must someday overtake our planet has already gone far indeed with our neighbour.','2020-10-12 02:57:36'),('bu1sc7ti7nd28g415fag','bu1sc7ti7nd28g415f90',3,'The sun set; the dusk fell on the stream, and lights began to appear along the shore. The Chapman light–house, a three–legged thing erect on a mud–flat, shone strongly.','2020-10-12 02:57:36'),('bu1sc7ti7nd28g415fb0','bu1sc7ti7nd28g415f90',4,'Have I come to Utopia to hear this sort of thing?','2020-10-12 02:57:36'),('bu1sc7ti7nd28g415fbg','bu1sc7ti7nd28g415f90',2,'Near it in the field, I remember, were three faint points of light, three telescopic stars infinitely remote, and all around it was the unfathomable darkness of empty space.','2020-10-12 02:57:36'),('bu1sc7ti7nd28g415fc0','bu1sc7ti7nd28g415f90',5,'It is a truth universally acknowledged, that a single man in possession of a good fortune, must be in want of a wife.','2020-10-12 02:57:36'),('bu1sc7ti7nd28g415fcg','bu1sc7ti7nd28g415f90',4,'It is a truth universally acknowledged, that a single man in possession of a good fortune, must be in want of a wife.','2020-10-12 02:57:36'),('bu1sc7ti7nd28g415fd0','bu1sc7ti7nd28g415f90',4,'The secular cooling that must someday overtake our planet has already gone far indeed with our neighbour.','2020-10-12 02:57:36'),('bu1sc7ti7nd28g415fdg','bu1sc7ti7nd28g415f90',2,'She stared at him in astonishment, and as she read something of the significant hieroglyphic of his battered face, her lips whitened.','2020-10-12 02:57:36'),('bu1sc7ti7nd28g415fe0','bu1sc7ti7nd28g415f90',3,'She stared at him in astonishment, and as she read something of the significant hieroglyphic of his battered face, her lips whitened.','2020-10-12 02:57:36'),('bu1sc7ti7nd28g415feg','bu1sc7ti7nd28g415f90',4,'She stared at him in astonishment, and as she read something of the significant hieroglyphic of his battered face, her lips whitened.','2020-10-12 02:57:36'),('bu1sc7ti7nd28g415ff0','bu1sc7ti7nd28g415f90',2,'Have I come to Utopia to hear this sort of thing?','2020-10-12 02:57:36'),('bu1sc7ti7nd28g415fg0','bu1sc7ti7nd28g415ffg',3,'One dog rolled before him, well-nigh slashed in half; but a second had him by the thigh, a third gripped his collar be- hind, and a fourth had the blade of the sword between its teeth, tasting its own blood.','2020-10-12 02:57:36'),('bu1sc7ti7nd28g415fgg','bu1sc7ti7nd28g415ffg',1,'The sun set; the dusk fell on the stream, and lights began to appear along the shore. The Chapman light–house, a three–legged thing erect on a mud–flat, shone strongly.','2020-10-12 02:57:36'),('bu1sc7ti7nd28g415fh0','bu1sc7ti7nd28g415ffg',4,'But what sort of language would we have the world speak, if we were told the miracle of Babel was presently to be reversed?','2020-10-12 02:57:36'),('bu1sc7ti7nd28g415fhg','bu1sc7ti7nd28g415ffg',3,'It is no doubt an optimistic enterprise. But it is good for awhile to be free from the carping note that must needs be audible when we discuss our present imperfections, to release ourselves from practical difficulties and the tangle of ways and means. It is good to stop by the track for a space, put aside the knapsack, wipe the brows, and talk a little of the upper slopes of the mountain we think we are climbing, would but the trees let us see it','2020-10-12 02:57:36'),('bu1sc7ti7nd28g415fi0','bu1sc7ti7nd28g415ffg',4,'I am all in a sea of wonders. I doubt; I fear; I think strange things, which I dare not confess to my own soul. God keep me, if only for the sake of those dear to me!','2020-10-12 02:57:36'),('bu1sc7ti7nd28g415fig','bu1sc7ti7nd28g415ffg',1,'The secular cooling that must someday overtake our planet has already gone far indeed with our neighbour.','2020-10-12 02:57:36'),('bu1sc7ti7nd28g415fj0','bu1sc7ti7nd28g415ffg',4,'She stared at him in astonishment, and as she read something of the significant hieroglyphic of his battered face, her lips whitened.','2020-10-12 02:57:36'),('bu1sc7ti7nd28g415fjg','bu1sc7ti7nd28g415ffg',1,'The Nellie, a cruising yawl, swung to her anchor without a flutter of the sails, and was at rest.','2020-10-12 02:57:36'),('bu1sc7ti7nd28g415fk0','bu1sc7ti7nd28g415ffg',2,'He spoke of the happiness that was now certainly theirs, of the folly of not breaking sooner out of that magnificent prison of latter-day life, of the old romantic days that had passed from the world for ever.','2020-10-12 02:57:36'),('bu1sc7ti7nd28g415fkg','bu1sc7ti7nd28g415ffg',1,'He spoke of the happiness that was now certainly theirs, of the folly of not breaking sooner out of that magnificent prison of latter-day life, of the old romantic days that had passed from the world for ever.','2020-10-12 02:57:36'),('bu1sc85i7nd28g415fl0','bu1sc7ti7nd28g415ffg',3,'Have I come to Utopia to hear this sort of thing?','2020-10-12 02:57:36'),('bu1sc85i7nd28g415flg','bu1sc7ti7nd28g415ffg',3,'The Nellie, a cruising yawl, swung to her anchor without a flutter of the sails, and was at rest.','2020-10-12 02:57:36'),('bu1sc85i7nd28g415fmg','bu1sc85i7nd28g415fm0',1,'Have I come to Utopia to hear this sort of thing?','2020-10-12 02:57:36'),('bu1sc85i7nd28g415fn0','bu1sc85i7nd28g415fm0',1,'It is no doubt an optimistic enterprise. But it is good for awhile to be free from the carping note that must needs be audible when we discuss our present imperfections, to release ourselves from practical difficulties and the tangle of ways and means. It is good to stop by the track for a space, put aside the knapsack, wipe the brows, and talk a little of the upper slopes of the mountain we think we are climbing, would but the trees let us see it','2020-10-12 02:57:36'),('bu1sc85i7nd28g415fng','bu1sc85i7nd28g415fm0',1,'It was at this time that the meeting, or, rather gathering of the mem- bers of this inharmonious family took place in the cell of the elder who had such an extraordinary influence on Alyosha.','2020-10-12 02:57:36'),('bu1sc85i7nd28g415fo0','bu1sc85i7nd28g415fm0',3,'It is no doubt an optimistic enterprise. But it is good for awhile to be free from the carping note that must needs be audible when we discuss our present imperfections, to release ourselves from practical difficulties and the tangle of ways and means. It is good to stop by the track for a space, put aside the knapsack, wipe the brows, and talk a little of the upper slopes of the mountain we think we are climbing, would but the trees let us see it','2020-10-12 02:57:36'),('bu1sc85i7nd28g415fog','bu1sc85i7nd28g415fm0',4,'Near it in the field, I remember, were three faint points of light, three telescopic stars infinitely remote, and all around it was the unfathomable darkness of empty space.','2020-10-12 02:57:36'),('bu1sc85i7nd28g415fp0','bu1sc85i7nd28g415fm0',4,'The Nellie, a cruising yawl, swung to her anchor without a flutter of the sails, and was at rest.','2020-10-12 02:57:36'),('bu1sc85i7nd28g415fpg','bu1sc85i7nd28g415fm0',2,'But what sort of language would we have the world speak, if we were told the miracle of Babel was presently to be reversed?','2020-10-12 02:57:36'),('bu1sc85i7nd28g415fq0','bu1sc85i7nd28g415fm0',3,'She stared at him in astonishment, and as she read something of the significant hieroglyphic of his battered face, her lips whitened.','2020-10-12 02:57:36'),('bu1sc85i7nd28g415fqg','bu1sc85i7nd28g415fm0',5,'He spoke of the happiness that was now certainly theirs, of the folly of not breaking sooner out of that magnificent prison of latter-day life, of the old romantic days that had passed from the world for ever.','2020-10-12 02:57:36'),('bu1sc85i7nd28g415fr0','bu1sc85i7nd28g415fm0',3,'The sun set; the dusk fell on the stream, and lights began to appear along the shore. The Chapman light–house, a three–legged thing erect on a mud–flat, shone strongly.','2020-10-12 02:57:36'),('bu1sc85i7nd28g415frg','bu1sc85i7nd28g415fm0',3,'I am all in a sea of wonders. I doubt; I fear; I think strange things, which I dare not confess to my own soul. God keep me, if only for the sake of those dear to me!','2020-10-12 02:57:36'),('bu1sc85i7nd28g415fs0','bu1sc85i7nd28g415fm0',3,'I protest, even warmly, that neither he nor his sorrows were in my intention.','2020-10-12 02:57:36'),('bu1sc85i7nd28g415ft0','bu1sc85i7nd28g415fsg',5,'Have I come to Utopia to hear this sort of thing?','2020-10-12 02:57:36'),('bu1sc85i7nd28g415ftg','bu1sc85i7nd28g415fsg',2,'The Nellie, a cruising yawl, swung to her anchor without a flutter of the sails, and was at rest.','2020-10-12 02:57:36'),('bu1sc85i7nd28g415fu0','bu1sc85i7nd28g415fsg',3,'He spoke of the happiness that was now certainly theirs, of the folly of not breaking sooner out of that magnificent prison of latter-day life, of the old romantic days that had passed from the world for ever.','2020-10-12 02:57:36'),('bu1sc85i7nd28g415fug','bu1sc85i7nd28g415fsg',2,'The secular cooling that must someday overtake our planet has already gone far indeed with our neighbour.','2020-10-12 02:57:36'),('bu1sc85i7nd28g415fv0','bu1sc85i7nd28g415fsg',5,'She stared at him in astonishment, and as she read something of the significant hieroglyphic of his battered face, her lips whitened.','2020-10-12 02:57:36'),('bu1sc85i7nd28g415fvg','bu1sc85i7nd28g415fsg',2,'I am all in a sea of wonders. I doubt; I fear; I think strange things, which I dare not confess to my own soul. God keep me, if only for the sake of those dear to me!','2020-10-12 02:57:36'),('bu1sc85i7nd28g415g00','bu1sc85i7nd28g415fsg',1,'Near it in the field, I remember, were three faint points of light, three telescopic stars infinitely remote, and all around it was the unfathomable darkness of empty space.','2020-10-12 02:57:36'),('bu1sc85i7nd28g415g0g','bu1sc85i7nd28g415fsg',4,'And with that he went off to see my father, taking me with him by the arm.','2020-10-12 02:57:36'),('bu1sc85i7nd28g415g10','bu1sc85i7nd28g415fsg',2,'He completely abandoned the child of his marriage with Adelaida Ivanovna, not from malice, nor because of his matrimoni- al grievances, but simply because he forgot him.','2020-10-12 02:57:36'),('bu1sc85i7nd28g415g1g','bu1sc85i7nd28g415fsg',5,'I protest, even warmly, that neither he nor his sorrows were in my intention.','2020-10-12 02:57:36'),('bu1sc85i7nd28g415g20','bu1sc85i7nd28g415fsg',2,'He completely abandoned the child of his marriage with Adelaida Ivanovna, not from malice, nor because of his matrimoni- al grievances, but simply because he forgot him.','2020-10-12 02:57:36'),('bu1sc85i7nd28g415g2g','bu1sc85i7nd28g415fsg',3,'But what sort of language would we have the world speak, if we were told the miracle of Babel was presently to be reversed?','2020-10-12 02:57:36'),('bu1sc9li7nd4r54i02ag','bu1sc9li7nd4r54i02a0',3,'It is no doubt an optimistic enterprise. But it is good for awhile to be free from the carping note that must needs be audible when we discuss our present imperfections, to release ourselves from practical difficulties and the tangle of ways and means. It is good to stop by the track for a space, put aside the knapsack, wipe the brows, and talk a little of the upper slopes of the mountain we think we are climbing, would but the trees let us see it','2020-10-12 02:57:42'),('bu1sc9li7nd4r54i02b0','bu1sc9li7nd4r54i02a0',5,'He spoke of the happiness that was now certainly theirs, of the folly of not breaking sooner out of that magnificent prison of latter-day life, of the old romantic days that had passed from the world for ever.','2020-10-12 02:57:42'),('bu1sc9li7nd4r54i02bg','bu1sc9li7nd4r54i02a0',2,'He completely abandoned the child of his marriage with Adelaida Ivanovna, not from malice, nor because of his matrimoni- al grievances, but simply because he forgot him.','2020-10-12 02:57:42'),('bu1sc9li7nd4r54i02c0','bu1sc9li7nd4r54i02a0',4,'She stared at him in astonishment, and as she read something of the significant hieroglyphic of his battered face, her lips whitened.','2020-10-12 02:57:42'),('bu1sc9li7nd4r54i02cg','bu1sc9li7nd4r54i02a0',1,'Have I come to Utopia to hear this sort of thing?','2020-10-12 02:57:42'),('bu1sc9li7nd4r54i02d0','bu1sc9li7nd4r54i02a0',1,'But what sort of language would we have the world speak, if we were told the miracle of Babel was presently to be reversed?','2020-10-12 02:57:42'),('bu1sc9li7nd4r54i02dg','bu1sc9li7nd4r54i02a0',2,'Near it in the field, I remember, were three faint points of light, three telescopic stars infinitely remote, and all around it was the unfathomable darkness of empty space.','2020-10-12 02:57:42'),('bu1sc9li7nd4r54i02e0','bu1sc9li7nd4r54i02a0',1,'The secular cooling that must someday overtake our planet has already gone far indeed with our neighbour.','2020-10-12 02:57:42'),('bu1sc9li7nd4r54i02eg','bu1sc9li7nd4r54i02a0',5,'Have I come to Utopia to hear this sort of thing?','2020-10-12 02:57:42'),('bu1sc9li7nd4r54i02f0','bu1sc9li7nd4r54i02a0',2,'The secular cooling that must someday overtake our planet has already gone far indeed with our neighbour.','2020-10-12 02:57:42'),('bu1sc9li7nd4r54i02fg','bu1sc9li7nd4r54i02a0',3,'Near it in the field, I remember, were three faint points of light, three telescopic stars infinitely remote, and all around it was the unfathomable darkness of empty space.','2020-10-12 02:57:42'),('bu1sc9li7nd4r54i02g0','bu1sc9li7nd4r54i02a0',5,'One dog rolled before him, well-nigh slashed in half; but a second had him by the thigh, a third gripped his collar be- hind, and a fourth had the blade of the sword between its teeth, tasting its own blood.','2020-10-12 02:57:42'),('bu1sc9li7nd4r54i02h0','bu1sc9li7nd4r54i02gg',5,'He completely abandoned the child of his marriage with Adelaida Ivanovna, not from malice, nor because of his matrimoni- al grievances, but simply because he forgot him.','2020-10-12 02:57:42'),('bu1sc9li7nd4r54i02hg','bu1sc9li7nd4r54i02gg',2,'The secular cooling that must someday overtake our planet has already gone far indeed with our neighbour.','2020-10-12 02:57:42'),('bu1sc9li7nd4r54i02i0','bu1sc9li7nd4r54i02gg',1,'Near it in the field, I remember, were three faint points of light, three telescopic stars infinitely remote, and all around it was the unfathomable darkness of empty space.','2020-10-12 02:57:42'),('bu1sc9li7nd4r54i02ig','bu1sc9li7nd4r54i02gg',3,'He spoke of the happiness that was now certainly theirs, of the folly of not breaking sooner out of that magnificent prison of latter-day life, of the old romantic days that had passed from the world for ever.','2020-10-12 02:57:42'),('bu1sc9li7nd4r54i02j0','bu1sc9li7nd4r54i02gg',2,'Then followed a battle of looks between them, but the captain soon knuckled under, put up his weapon, and resumed his seat, grumbling like a beaten dog.','2020-10-12 02:57:42'),('bu1sc9li7nd4r54i02jg','bu1sc9li7nd4r54i02gg',1,'He spoke of the happiness that was now certainly theirs, of the folly of not breaking sooner out of that magnificent prison of latter-day life, of the old romantic days that had passed from the world for ever.','2020-10-12 02:57:42'),('bu1sc9li7nd4r54i02k0','bu1sc9li7nd4r54i02gg',2,'The Nellie, a cruising yawl, swung to her anchor without a flutter of the sails, and was at rest.','2020-10-12 02:57:42'),('bu1sc9li7nd4r54i02kg','bu1sc9li7nd4r54i02gg',4,'It is a truth universally acknowledged, that a single man in possession of a good fortune, must be in want of a wife.','2020-10-12 02:57:42'),('bu1sc9li7nd4r54i02l0','bu1sc9li7nd4r54i02gg',4,'Near it in the field, I remember, were three faint points of light, three telescopic stars infinitely remote, and all around it was the unfathomable darkness of empty space.','2020-10-12 02:57:42'),('bu1sc9li7nd4r54i02lg','bu1sc9li7nd4r54i02gg',3,'One dog rolled before him, well-nigh slashed in half; but a second had him by the thigh, a third gripped his collar be- hind, and a fourth had the blade of the sword between its teeth, tasting its own blood.','2020-10-12 02:57:42'),('bu1sc9li7nd4r54i02m0','bu1sc9li7nd4r54i02gg',3,'It was at this time that the meeting, or, rather gathering of the mem- bers of this inharmonious family took place in the cell of the elder who had such an extraordinary influence on Alyosha.','2020-10-12 02:57:42'),('bu1sc9li7nd4r54i02mg','bu1sc9li7nd4r54i02gg',3,'I am all in a sea of wonders. I doubt; I fear; I think strange things, which I dare not confess to my own soul. God keep me, if only for the sake of those dear to me!','2020-10-12 02:57:42'),('bu1sc9li7nd4r54i02ng','bu1sc9li7nd4r54i02n0',1,'One dog rolled before him, well-nigh slashed in half; but a second had him by the thigh, a third gripped his collar be- hind, and a fourth had the blade of the sword between its teeth, tasting its own blood.','2020-10-12 02:57:42'),('bu1sc9li7nd4r54i02o0','bu1sc9li7nd4r54i02n0',1,'He completely abandoned the child of his marriage with Adelaida Ivanovna, not from malice, nor because of his matrimoni- al grievances, but simply because he forgot him.','2020-10-12 02:57:42'),('bu1sc9li7nd4r54i02og','bu1sc9li7nd4r54i02n0',2,'I protest, even warmly, that neither he nor his sorrows were in my intention.','2020-10-12 02:57:42'),('bu1sc9li7nd4r54i02p0','bu1sc9li7nd4r54i02n0',4,'It is a truth universally acknowledged, that a single man in possession of a good fortune, must be in want of a wife.','2020-10-12 02:57:42'),('bu1sc9li7nd4r54i02pg','bu1sc9li7nd4r54i02n0',3,'I protest, even warmly, that neither he nor his sorrows were in my intention.','2020-10-12 02:57:42'),('bu1sc9li7nd4r54i02q0','bu1sc9li7nd4r54i02n0',2,'One dog rolled before him, well-nigh slashed in half; but a second had him by the thigh, a third gripped his collar be- hind, and a fourth had the blade of the sword between its teeth, tasting its own blood.','2020-10-12 02:57:42'),('bu1sc9li7nd4r54i02qg','bu1sc9li7nd4r54i02n0',5,'And with that he went off to see my father, taking me with him by the arm.','2020-10-12 02:57:42'),('bu1sc9li7nd4r54i02r0','bu1sc9li7nd4r54i02n0',2,'Then followed a battle of looks between them, but the captain soon knuckled under, put up his weapon, and resumed his seat, grumbling like a beaten dog.','2020-10-12 02:57:42'),('bu1sc9li7nd4r54i02rg','bu1sc9li7nd4r54i02n0',3,'But what sort of language would we have the world speak, if we were told the miracle of Babel was presently to be reversed?','2020-10-12 02:57:42'),('bu1sc9li7nd4r54i02s0','bu1sc9li7nd4r54i02n0',2,'I protest, even warmly, that neither he nor his sorrows were in my intention.','2020-10-12 02:57:42'),('bu1sc9li7nd4r54i02sg','bu1sc9li7nd4r54i02n0',1,'The secular cooling that must someday overtake our planet has already gone far indeed with our neighbour.','2020-10-12 02:57:42'),('bu1sc9li7nd4r54i02t0','bu1sc9li7nd4r54i02n0',2,'And with that he went off to see my father, taking me with him by the arm.','2020-10-12 02:57:42'),('bu1sc9li7nd4r54i02u0','bu1sc9li7nd4r54i02tg',1,'She stared at him in astonishment, and as she read something of the significant hieroglyphic of his battered face, her lips whitened.','2020-10-12 02:57:42'),('bu1sc9li7nd4r54i02ug','bu1sc9li7nd4r54i02tg',5,'It is a truth universally acknowledged, that a single man in possession of a good fortune, must be in want of a wife.','2020-10-12 02:57:42'),('bu1sc9li7nd4r54i02v0','bu1sc9li7nd4r54i02tg',4,'Then followed a battle of looks between them, but the captain soon knuckled under, put up his weapon, and resumed his seat, grumbling like a beaten dog.','2020-10-12 02:57:42'),('bu1sc9li7nd4r54i02vg','bu1sc9li7nd4r54i02tg',4,'It is a truth universally acknowledged, that a single man in possession of a good fortune, must be in want of a wife.','2020-10-12 02:57:42'),('bu1sc9li7nd4r54i0300','bu1sc9li7nd4r54i02tg',3,'It was at this time that the meeting, or, rather gathering of the mem- bers of this inharmonious family took place in the cell of the elder who had such an extraordinary influence on Alyosha.','2020-10-12 02:57:42'),('bu1sc9li7nd4r54i030g','bu1sc9li7nd4r54i02tg',4,'But what sort of language would we have the world speak, if we were told the miracle of Babel was presently to be reversed?','2020-10-12 02:57:42'),('bu1sc9li7nd4r54i0310','bu1sc9li7nd4r54i02tg',5,'It is a truth universally acknowledged, that a single man in possession of a good fortune, must be in want of a wife.','2020-10-12 02:57:42'),('bu1sc9li7nd4r54i031g','bu1sc9li7nd4r54i02tg',5,'It is no doubt an optimistic enterprise. But it is good for awhile to be free from the carping note that must needs be audible when we discuss our present imperfections, to release ourselves from practical difficulties and the tangle of ways and means. It is good to stop by the track for a space, put aside the knapsack, wipe the brows, and talk a little of the upper slopes of the mountain we think we are climbing, would but the trees let us see it','2020-10-12 02:57:42'),('bu1sc9li7nd4r54i0320','bu1sc9li7nd4r54i02tg',4,'He spoke of the happiness that was now certainly theirs, of the folly of not breaking sooner out of that magnificent prison of latter-day life, of the old romantic days that had passed from the world for ever.','2020-10-12 02:57:42'),('bu1sc9li7nd4r54i032g','bu1sc9li7nd4r54i02tg',3,'One dog rolled before him, well-nigh slashed in half; but a second had him by the thigh, a third gripped his collar be- hind, and a fourth had the blade of the sword between its teeth, tasting its own blood.','2020-10-12 02:57:42'),('bu1sc9li7nd4r54i0330','bu1sc9li7nd4r54i02tg',2,'She stared at him in astonishment, and as she read something of the significant hieroglyphic of his battered face, her lips whitened.','2020-10-12 02:57:42'),('bu1sc9li7nd4r54i033g','bu1sc9li7nd4r54i02tg',5,'One dog rolled before him, well-nigh slashed in half; but a second had him by the thigh, a third gripped his collar be- hind, and a fourth had the blade of the sword between its teeth, tasting its own blood.','2020-10-12 02:57:42'),('bu1sc9li7nd4r54i034g','bu1sc9li7nd4r54i0340',1,'Near it in the field, I remember, were three faint points of light, three telescopic stars infinitely remote, and all around it was the unfathomable darkness of empty space.','2020-10-12 02:57:42'),('bu1sc9li7nd4r54i0350','bu1sc9li7nd4r54i0340',1,'And with that he went off to see my father, taking me with him by the arm.','2020-10-12 02:57:42'),('bu1sc9li7nd4r54i035g','bu1sc9li7nd4r54i0340',4,'She stared at him in astonishment, and as she read something of the significant hieroglyphic of his battered face, her lips whitened.','2020-10-12 02:57:42'),('bu1sc9li7nd4r54i0360','bu1sc9li7nd4r54i0340',4,'Have I come to Utopia to hear this sort of thing?','2020-10-12 02:57:42'),('bu1sc9li7nd4r54i036g','bu1sc9li7nd4r54i0340',4,'And with that he went off to see my father, taking me with him by the arm.','2020-10-12 02:57:42'),('bu1sc9li7nd4r54i0370','bu1sc9li7nd4r54i0340',1,'Then followed a battle of looks between them, but the captain soon knuckled under, put up his weapon, and resumed his seat, grumbling like a beaten dog.','2020-10-12 02:57:42'),('bu1sc9li7nd4r54i037g','bu1sc9li7nd4r54i0340',2,'Have I come to Utopia to hear this sort of thing?','2020-10-12 02:57:43'),('bu1sc9li7nd4r54i0380','bu1sc9li7nd4r54i0340',1,'I am all in a sea of wonders. I doubt; I fear; I think strange things, which I dare not confess to my own soul. God keep me, if only for the sake of those dear to me!','2020-10-12 02:57:43'),('bu1sc9li7nd4r54i038g','bu1sc9li7nd4r54i0340',1,'He spoke of the happiness that was now certainly theirs, of the folly of not breaking sooner out of that magnificent prison of latter-day life, of the old romantic days that had passed from the world for ever.','2020-10-12 02:57:43'),('bu1sc9li7nd4r54i0390','bu1sc9li7nd4r54i0340',2,'She stared at him in astonishment, and as she read something of the significant hieroglyphic of his battered face, her lips whitened.','2020-10-12 02:57:43'),('bu1sc9li7nd4r54i039g','bu1sc9li7nd4r54i0340',2,'The Nellie, a cruising yawl, swung to her anchor without a flutter of the sails, and was at rest.','2020-10-12 02:57:43'),('bu1sc9li7nd4r54i03a0','bu1sc9li7nd4r54i0340',4,'It was at this time that the meeting, or, rather gathering of the mem- bers of this inharmonious family took place in the cell of the elder who had such an extraordinary influence on Alyosha.','2020-10-12 02:57:43'),('bu1sc9li7nd4r54i03b0','bu1sc9li7nd4r54i03ag',3,'It is no doubt an optimistic enterprise. But it is good for awhile to be free from the carping note that must needs be audible when we discuss our present imperfections, to release ourselves from practical difficulties and the tangle of ways and means. It is good to stop by the track for a space, put aside the knapsack, wipe the brows, and talk a little of the upper slopes of the mountain we think we are climbing, would but the trees let us see it','2020-10-12 02:57:43'),('bu1sc9li7nd4r54i03bg','bu1sc9li7nd4r54i03ag',4,'He completely abandoned the child of his marriage with Adelaida Ivanovna, not from malice, nor because of his matrimoni- al grievances, but simply because he forgot him.','2020-10-12 02:57:43'),('bu1sc9li7nd4r54i03c0','bu1sc9li7nd4r54i03ag',2,'Near it in the field, I remember, were three faint points of light, three telescopic stars infinitely remote, and all around it was the unfathomable darkness of empty space.','2020-10-12 02:57:43'),('bu1sc9li7nd4r54i03cg','bu1sc9li7nd4r54i03ag',4,'It was at this time that the meeting, or, rather gathering of the mem- bers of this inharmonious family took place in the cell of the elder who had such an extraordinary influence on Alyosha.','2020-10-12 02:57:43'),('bu1sc9li7nd4r54i03d0','bu1sc9li7nd4r54i03ag',2,'Have I come to Utopia to hear this sort of thing?','2020-10-12 02:57:43'),('bu1sc9li7nd4r54i03dg','bu1sc9li7nd4r54i03ag',3,'The sun set; the dusk fell on the stream, and lights began to appear along the shore. The Chapman light–house, a three–legged thing erect on a mud–flat, shone strongly.','2020-10-12 02:57:43'),('bu1sc9li7nd4r54i03e0','bu1sc9li7nd4r54i03ag',4,'Near it in the field, I remember, were three faint points of light, three telescopic stars infinitely remote, and all around it was the unfathomable darkness of empty space.','2020-10-12 02:57:43'),('bu1sc9li7nd4r54i03eg','bu1sc9li7nd4r54i03ag',3,'The secular cooling that must someday overtake our planet has already gone far indeed with our neighbour.','2020-10-12 02:57:43'),('bu1sc9li7nd4r54i03f0','bu1sc9li7nd4r54i03ag',5,'The Nellie, a cruising yawl, swung to her anchor without a flutter of the sails, and was at rest.','2020-10-12 02:57:43'),('bu1sc9li7nd4r54i03fg','bu1sc9li7nd4r54i03ag',3,'The secular cooling that must someday overtake our planet has already gone far indeed with our neighbour.','2020-10-12 02:57:43'),('bu1sc9li7nd4r54i03g0','bu1sc9li7nd4r54i03ag',4,'I protest, even warmly, that neither he nor his sorrows were in my intention.','2020-10-12 02:57:43'),('bu1sc9li7nd4r54i03gg','bu1sc9li7nd4r54i03ag',2,'It is a truth universally acknowledged, that a single man in possession of a good fortune, must be in want of a wife.','2020-10-12 02:57:43'),('bu1sc9li7nd4r54i03hg','bu1sc9li7nd4r54i03h0',4,'It is a truth universally acknowledged, that a single man in possession of a good fortune, must be in want of a wife.','2020-10-12 02:57:43'),('bu1sc9li7nd4r54i03i0','bu1sc9li7nd4r54i03h0',4,'It is a truth universally acknowledged, that a single man in possession of a good fortune, must be in want of a wife.','2020-10-12 02:57:43'),('bu1sc9li7nd4r54i03ig','bu1sc9li7nd4r54i03h0',3,'It was at this time that the meeting, or, rather gathering of the mem- bers of this inharmonious family took place in the cell of the elder who had such an extraordinary influence on Alyosha.','2020-10-12 02:57:43'),('bu1sc9li7nd4r54i03j0','bu1sc9li7nd4r54i03h0',4,'The sun set; the dusk fell on the stream, and lights began to appear along the shore. The Chapman light–house, a three–legged thing erect on a mud–flat, shone strongly.','2020-10-12 02:57:43'),('bu1sc9li7nd4r54i03jg','bu1sc9li7nd4r54i03h0',2,'I protest, even warmly, that neither he nor his sorrows were in my intention.','2020-10-12 02:57:43'),('bu1sc9li7nd4r54i03k0','bu1sc9li7nd4r54i03h0',5,'I protest, even warmly, that neither he nor his sorrows were in my intention.','2020-10-12 02:57:43'),('bu1sc9li7nd4r54i03kg','bu1sc9li7nd4r54i03h0',4,'I am all in a sea of wonders. I doubt; I fear; I think strange things, which I dare not confess to my own soul. God keep me, if only for the sake of those dear to me!','2020-10-12 02:57:43'),('bu1sc9li7nd4r54i03l0','bu1sc9li7nd4r54i03h0',4,'But what sort of language would we have the world speak, if we were told the miracle of Babel was presently to be reversed?','2020-10-12 02:57:43'),('bu1sc9li7nd4r54i03lg','bu1sc9li7nd4r54i03h0',2,'The sun set; the dusk fell on the stream, and lights began to appear along the shore. The Chapman light–house, a three–legged thing erect on a mud–flat, shone strongly.','2020-10-12 02:57:43'),('bu1sc9li7nd4r54i03m0','bu1sc9li7nd4r54i03h0',3,'And with that he went off to see my father, taking me with him by the arm.','2020-10-12 02:57:43'),('bu1sc9li7nd4r54i03mg','bu1sc9li7nd4r54i03h0',4,'I protest, even warmly, that neither he nor his sorrows were in my intention.','2020-10-12 02:57:43'),('bu1sc9li7nd4r54i03n0','bu1sc9li7nd4r54i03h0',2,'He completely abandoned the child of his marriage with Adelaida Ivanovna, not from malice, nor because of his matrimoni- al grievances, but simply because he forgot him.','2020-10-12 02:57:43'),('bu1sc9li7nd4r54i03o0','bu1sc9li7nd4r54i03ng',3,'He spoke of the happiness that was now certainly theirs, of the folly of not breaking sooner out of that magnificent prison of latter-day life, of the old romantic days that had passed from the world for ever.','2020-10-12 02:57:43'),('bu1sc9li7nd4r54i03og','bu1sc9li7nd4r54i03ng',1,'Have I come to Utopia to hear this sort of thing?','2020-10-12 02:57:43'),('bu1sc9li7nd4r54i03p0','bu1sc9li7nd4r54i03ng',4,'She stared at him in astonishment, and as she read something of the significant hieroglyphic of his battered face, her lips whitened.','2020-10-12 02:57:43'),('bu1sc9li7nd4r54i03pg','bu1sc9li7nd4r54i03ng',3,'I am all in a sea of wonders. I doubt; I fear; I think strange things, which I dare not confess to my own soul. God keep me, if only for the sake of those dear to me!','2020-10-12 02:57:43'),('bu1sc9li7nd4r54i03q0','bu1sc9li7nd4r54i03ng',4,'Have I come to Utopia to hear this sort of thing?','2020-10-12 02:57:43'),('bu1sc9li7nd4r54i03qg','bu1sc9li7nd4r54i03ng',1,'The sun set; the dusk fell on the stream, and lights began to appear along the shore. The Chapman light–house, a three–legged thing erect on a mud–flat, shone strongly.','2020-10-12 02:57:43'),('bu1sc9li7nd4r54i03r0','bu1sc9li7nd4r54i03ng',4,'It is no doubt an optimistic enterprise. But it is good for awhile to be free from the carping note that must needs be audible when we discuss our present imperfections, to release ourselves from practical difficulties and the tangle of ways and means. It is good to stop by the track for a space, put aside the knapsack, wipe the brows, and talk a little of the upper slopes of the mountain we think we are climbing, would but the trees let us see it','2020-10-12 02:57:43'),('bu1sc9li7nd4r54i03rg','bu1sc9li7nd4r54i03ng',1,'The secular cooling that must someday overtake our planet has already gone far indeed with our neighbour.','2020-10-12 02:57:43'),('bu1sc9li7nd4r54i03s0','bu1sc9li7nd4r54i03ng',2,'One dog rolled before him, well-nigh slashed in half; but a second had him by the thigh, a third gripped his collar be- hind, and a fourth had the blade of the sword between its teeth, tasting its own blood.','2020-10-12 02:57:43'),('bu1sc9li7nd4r54i03sg','bu1sc9li7nd4r54i03ng',1,'Near it in the field, I remember, were three faint points of light, three telescopic stars infinitely remote, and all around it was the unfathomable darkness of empty space.','2020-10-12 02:57:43'),('bu1sc9li7nd4r54i03t0','bu1sc9li7nd4r54i03ng',3,'But what sort of language would we have the world speak, if we were told the miracle of Babel was presently to be reversed?','2020-10-12 02:57:43'),('bu1sc9li7nd4r54i03tg','bu1sc9li7nd4r54i03ng',3,'It is a truth universally acknowledged, that a single man in possession of a good fortune, must be in want of a wife.','2020-10-12 02:57:43'),('bu1sc9li7nd4r54i03ug','bu1sc9li7nd4r54i03u0',1,'The Nellie, a cruising yawl, swung to her anchor without a flutter of the sails, and was at rest.','2020-10-12 02:57:43'),('bu1sc9li7nd4r54i03v0','bu1sc9li7nd4r54i03u0',1,'He spoke of the happiness that was now certainly theirs, of the folly of not breaking sooner out of that magnificent prison of latter-day life, of the old romantic days that had passed from the world for ever.','2020-10-12 02:57:43'),('bu1sc9li7nd4r54i03vg','bu1sc9li7nd4r54i03u0',1,'It is a truth universally acknowledged, that a single man in possession of a good fortune, must be in want of a wife.','2020-10-12 02:57:43'),('bu1sc9li7nd4r54i0400','bu1sc9li7nd4r54i03u0',3,'He spoke of the happiness that was now certainly theirs, of the folly of not breaking sooner out of that magnificent prison of latter-day life, of the old romantic days that had passed from the world for ever.','2020-10-12 02:57:43'),('bu1sc9li7nd4r54i040g','bu1sc9li7nd4r54i03u0',4,'And with that he went off to see my father, taking me with him by the arm.','2020-10-12 02:57:43'),('bu1sc9li7nd4r54i0410','bu1sc9li7nd4r54i03u0',4,'I am all in a sea of wonders. I doubt; I fear; I think strange things, which I dare not confess to my own soul. God keep me, if only for the sake of those dear to me!','2020-10-12 02:57:43'),('bu1sc9li7nd4r54i041g','bu1sc9li7nd4r54i03u0',2,'He completely abandoned the child of his marriage with Adelaida Ivanovna, not from malice, nor because of his matrimoni- al grievances, but simply because he forgot him.','2020-10-12 02:57:43'),('bu1sc9li7nd4r54i0420','bu1sc9li7nd4r54i03u0',3,'Then followed a battle of looks between them, but the captain soon knuckled under, put up his weapon, and resumed his seat, grumbling like a beaten dog.','2020-10-12 02:57:43'),('bu1sc9li7nd4r54i042g','bu1sc9li7nd4r54i03u0',5,'The Nellie, a cruising yawl, swung to her anchor without a flutter of the sails, and was at rest.','2020-10-12 02:57:43'),('bu1sc9li7nd4r54i0430','bu1sc9li7nd4r54i03u0',3,'It is a truth universally acknowledged, that a single man in possession of a good fortune, must be in want of a wife.','2020-10-12 02:57:43'),('bu1sc9li7nd4r54i043g','bu1sc9li7nd4r54i03u0',3,'Near it in the field, I remember, were three faint points of light, three telescopic stars infinitely remote, and all around it was the unfathomable darkness of empty space.','2020-10-12 02:57:43'),('bu1sc9li7nd4r54i0440','bu1sc9li7nd4r54i03u0',3,'Have I come to Utopia to hear this sort of thing?','2020-10-12 02:57:43'),('bu1sc9li7nd4r54i0450','bu1sc9li7nd4r54i044g',5,'It is a truth universally acknowledged, that a single man in possession of a good fortune, must be in want of a wife.','2020-10-12 02:57:43'),('bu1sc9li7nd4r54i045g','bu1sc9li7nd4r54i044g',2,'It was at this time that the meeting, or, rather gathering of the mem- bers of this inharmonious family took place in the cell of the elder who had such an extraordinary influence on Alyosha.','2020-10-12 02:57:43'),('bu1sc9li7nd4r54i0460','bu1sc9li7nd4r54i044g',3,'It was at this time that the meeting, or, rather gathering of the mem- bers of this inharmonious family took place in the cell of the elder who had such an extraordinary influence on Alyosha.','2020-10-12 02:57:43'),('bu1sc9li7nd4r54i046g','bu1sc9li7nd4r54i044g',2,'And with that he went off to see my father, taking me with him by the arm.','2020-10-12 02:57:43'),('bu1sc9li7nd4r54i0470','bu1sc9li7nd4r54i044g',5,'The secular cooling that must someday overtake our planet has already gone far indeed with our neighbour.','2020-10-12 02:57:43'),('bu1sc9li7nd4r54i047g','bu1sc9li7nd4r54i044g',2,'He completely abandoned the child of his marriage with Adelaida Ivanovna, not from malice, nor because of his matrimoni- al grievances, but simply because he forgot him.','2020-10-12 02:57:43'),('bu1sc9li7nd4r54i0480','bu1sc9li7nd4r54i044g',1,'I protest, even warmly, that neither he nor his sorrows were in my intention.','2020-10-12 02:57:43'),('bu1sc9li7nd4r54i048g','bu1sc9li7nd4r54i044g',4,'It was at this time that the meeting, or, rather gathering of the mem- bers of this inharmonious family took place in the cell of the elder who had such an extraordinary influence on Alyosha.','2020-10-12 02:57:43'),('bu1sc9li7nd4r54i0490','bu1sc9li7nd4r54i044g',2,'But what sort of language would we have the world speak, if we were told the miracle of Babel was presently to be reversed?','2020-10-12 02:57:43'),('bu1sc9li7nd4r54i049g','bu1sc9li7nd4r54i044g',5,'The sun set; the dusk fell on the stream, and lights began to appear along the shore. The Chapman light–house, a three–legged thing erect on a mud–flat, shone strongly.','2020-10-12 02:57:43'),('bu1sc9li7nd4r54i04a0','bu1sc9li7nd4r54i044g',2,'It is a truth universally acknowledged, that a single man in possession of a good fortune, must be in want of a wife.','2020-10-12 02:57:43'),('bu1sc9ti7nd4r54i04ag','bu1sc9li7nd4r54i044g',3,'And with that he went off to see my father, taking me with him by the arm.','2020-10-12 02:57:43');
/*!40000 ALTER TABLE `sessionratings` ENABLE KEYS */;
UNLOCK TABLES;

--
-- Table structure for table `sessions`
--

DROP TABLE IF EXISTS `sessions`;
/*!40101 SET @saved_cs_client     = @@character_set_client */;
/*!50503 SET character_set_client = utf8mb4 */;
CREATE TABLE `sessions` (
  `SessionId` varchar(20) NOT NULL,
  `PlayerId` varchar(20) DEFAULT NULL,
  `TimeSessionEnd` datetime DEFAULT NULL,
  PRIMARY KEY (`SessionId`),
  UNIQUE KEY `SessionId_UNIQUE` (`SessionId`),
  KEY `PlayerId_Secondary` (`PlayerId`),
  CONSTRAINT `PlayerId` FOREIGN KEY (`PlayerId`) REFERENCES `players` (`PlayerId`)
) ENGINE=InnoDB DEFAULT CHARSET=utf8mb4 COLLATE=utf8mb4_0900_ai_ci;
/*!40101 SET character_set_client = @saved_cs_client */;

--
-- Dumping data for table `sessions`
--

LOCK TABLES `sessions` WRITE;
/*!40000 ALTER TABLE `sessions` DISABLE KEYS */;
INSERT INTO `sessions` VALUES ('bu1sc55i7nd3mi2dbs90','bu1sc55i7nd3mi2dbs8g','2020-10-12 02:57:24'),('bu1sc55i7nd3mi2dbs9g','bu1sc55i7nd3mi2dbs8g','2020-10-12 02:57:24'),('bu1sc55i7nd3mi2dbsa0','bu1sc55i7nd3mi2dbs8g','2020-10-12 02:57:24'),('bu1sc55i7nd3mi2dbsag','bu1sc55i7nd3mi2dbs8g','2020-10-12 02:57:24'),('bu1sc55i7nd3mi2dbsb0','bu1sc55i7nd3mi2dbs8g','2020-10-12 02:57:24'),('bu1sc55i7nd3mi2dbsbg','bu1sc55i7nd3mi2dbs8g','2020-10-12 02:57:24'),('bu1sc55i7nd3mi2dbsc0','bu1sc55i7nd3mi2dbs8g','2020-10-12 02:57:24'),('bu1sc55i7nd3mi2dbscg','bu1sc55i7nd3mi2dbs8g','2020-10-12 02:57:24'),('bu1sc55i7nd3mi2dbsd0','bu1sc55i7nd3mi2dbs8g','2020-10-12 02:57:24'),('bu1sc55i7nd3mi2dbsdg','bu1sc55i7nd3mi2dbs8g','2020-10-12 02:57:24'),('bu1sc55i7nd3mi2dbse0','bu1sc55i7nd3mi2dbs8g','2020-10-12 02:57:25'),('bu1sc55i7nd3mi2dbseg','bu1sc55i7nd3mi2dbs8g','2020-10-12 02:57:25'),('bu1sc55i7nd3mi2dbsfg','bu1sc55i7nd3mi2dbsf0','2020-10-12 02:57:25'),('bu1sc55i7nd3mi2dbsg0','bu1sc55i7nd3mi2dbsf0','2020-10-12 02:57:25'),('bu1sc55i7nd3mi2dbsgg','bu1sc55i7nd3mi2dbsf0','2020-10-12 02:57:25'),('bu1sc55i7nd3mi2dbsh0','bu1sc55i7nd3mi2dbsf0','2020-10-12 02:57:25'),('bu1sc55i7nd3mi2dbshg','bu1sc55i7nd3mi2dbsf0','2020-10-12 02:57:25'),('bu1sc55i7nd3mi2dbsi0','bu1sc55i7nd3mi2dbsf0','2020-10-12 02:57:25'),('bu1sc55i7nd3mi2dbsig','bu1sc55i7nd3mi2dbsf0','2020-10-12 02:57:25'),('bu1sc55i7nd3mi2dbsj0','bu1sc55i7nd3mi2dbsf0','2020-10-12 02:57:25'),('bu1sc55i7nd3mi2dbsjg','bu1sc55i7nd3mi2dbsf0','2020-10-12 02:57:25'),('bu1sc55i7nd3mi2dbsk0','bu1sc55i7nd3mi2dbsf0','2020-10-12 02:57:25'),('bu1sc55i7nd3mi2dbskg','bu1sc55i7nd3mi2dbsf0','2020-10-12 02:57:25'),('bu1sc55i7nd3mi2dbsl0','bu1sc55i7nd3mi2dbsf0','2020-10-12 02:57:25'),('bu1sc55i7nd3mi2dbsm0','bu1sc55i7nd3mi2dbslg','2020-10-12 02:57:25'),('bu1sc55i7nd3mi2dbsmg','bu1sc55i7nd3mi2dbslg','2020-10-12 02:57:25'),('bu1sc55i7nd3mi2dbsn0','bu1sc55i7nd3mi2dbslg','2020-10-12 02:57:25'),('bu1sc55i7nd3mi2dbsng','bu1sc55i7nd3mi2dbslg','2020-10-12 02:57:25'),('bu1sc55i7nd3mi2dbso0','bu1sc55i7nd3mi2dbslg','2020-10-12 02:57:25'),('bu1sc55i7nd3mi2dbsog','bu1sc55i7nd3mi2dbslg','2020-10-12 02:57:25'),('bu1sc55i7nd3mi2dbsp0','bu1sc55i7nd3mi2dbslg','2020-10-12 02:57:25'),('bu1sc55i7nd3mi2dbspg','bu1sc55i7nd3mi2dbslg','2020-10-12 02:57:25'),('bu1sc55i7nd3mi2dbsq0','bu1sc55i7nd3mi2dbslg','2020-10-12 02:57:25'),('bu1sc55i7nd3mi2dbsqg','bu1sc55i7nd3mi2dbslg','2020-10-12 02:57:25'),('bu1sc55i7nd3mi2dbsr0','bu1sc55i7nd3mi2dbslg','2020-10-12 02:57:25'),('bu1sc55i7nd3mi2dbsrg','bu1sc55i7nd3mi2dbslg','2020-10-12 02:57:25'),('bu1sc55i7nd3mi2dbssg','bu1sc55i7nd3mi2dbss0','2020-10-12 02:57:25'),('bu1sc55i7nd3mi2dbst0','bu1sc55i7nd3mi2dbss0','2020-10-12 02:57:25'),('bu1sc55i7nd3mi2dbstg','bu1sc55i7nd3mi2dbss0','2020-10-12 02:57:25'),('bu1sc55i7nd3mi2dbsu0','bu1sc55i7nd3mi2dbss0','2020-10-12 02:57:25'),('bu1sc55i7nd3mi2dbsug','bu1sc55i7nd3mi2dbss0','2020-10-12 02:57:25'),('bu1sc55i7nd3mi2dbsv0','bu1sc55i7nd3mi2dbss0','2020-10-12 02:57:25'),('bu1sc55i7nd3mi2dbsvg','bu1sc55i7nd3mi2dbss0','2020-10-12 02:57:25'),('bu1sc55i7nd3mi2dbt00','bu1sc55i7nd3mi2dbss0','2020-10-12 02:57:25'),('bu1sc55i7nd3mi2dbt0g','bu1sc55i7nd3mi2dbss0','2020-10-12 02:57:25'),('bu1sc55i7nd3mi2dbt10','bu1sc55i7nd3mi2dbss0','2020-10-12 02:57:25'),('bu1sc55i7nd3mi2dbt1g','bu1sc55i7nd3mi2dbss0','2020-10-12 02:57:25'),('bu1sc55i7nd3mi2dbt20','bu1sc55i7nd3mi2dbss0','2020-10-12 02:57:25'),('bu1sc55i7nd3mi2dbt30','bu1sc55i7nd3mi2dbt2g','2020-10-12 02:57:25'),('bu1sc55i7nd3mi2dbt3g','bu1sc55i7nd3mi2dbt2g','2020-10-12 02:57:25'),('bu1sc55i7nd3mi2dbt40','bu1sc55i7nd3mi2dbt2g','2020-10-12 02:57:25'),('bu1sc55i7nd3mi2dbt4g','bu1sc55i7nd3mi2dbt2g','2020-10-12 02:57:25'),('bu1sc55i7nd3mi2dbt50','bu1sc55i7nd3mi2dbt2g','2020-10-12 02:57:25'),('bu1sc55i7nd3mi2dbt5g','bu1sc55i7nd3mi2dbt2g','2020-10-12 02:57:25'),('bu1sc55i7nd3mi2dbt60','bu1sc55i7nd3mi2dbt2g','2020-10-12 02:57:25'),('bu1sc55i7nd3mi2dbt6g','bu1sc55i7nd3mi2dbt2g','2020-10-12 02:57:25'),('bu1sc55i7nd3mi2dbt70','bu1sc55i7nd3mi2dbt2g','2020-10-12 02:57:25'),('bu1sc55i7nd3mi2dbt7g','bu1sc55i7nd3mi2dbt2g','2020-10-12 02:57:25'),('bu1sc55i7nd3mi2dbt80','bu1sc55i7nd3mi2dbt2g','2020-10-12 02:57:25'),('bu1sc55i7nd3mi2dbt8g','bu1sc55i7nd3mi2dbt2g','2020-10-12 02:57:25'),('bu1sc55i7nd3mi2dbt9g','bu1sc55i7nd3mi2dbt90','2020-10-12 02:57:25'),('bu1sc55i7nd3mi2dbta0','bu1sc55i7nd3mi2dbt90','2020-10-12 02:57:25'),('bu1sc55i7nd3mi2dbtag','bu1sc55i7nd3mi2dbt90','2020-10-12 02:57:25'),('bu1sc55i7nd3mi2dbtb0','bu1sc55i7nd3mi2dbt90','2020-10-12 02:57:25'),('bu1sc55i7nd3mi2dbtbg','bu1sc55i7nd3mi2dbt90','2020-10-12 02:57:25'),('bu1sc55i7nd3mi2dbtc0','bu1sc55i7nd3mi2dbt90','2020-10-12 02:57:25'),('bu1sc55i7nd3mi2dbtcg','bu1sc55i7nd3mi2dbt90','2020-10-12 02:57:25'),('bu1sc55i7nd3mi2dbtd0','bu1sc55i7nd3mi2dbt90','2020-10-12 02:57:25'),('bu1sc55i7nd3mi2dbtdg','bu1sc55i7nd3mi2dbt90','2020-10-12 02:57:25'),('bu1sc55i7nd3mi2dbte0','bu1sc55i7nd3mi2dbt90','2020-10-12 02:57:25'),('bu1sc55i7nd3mi2dbteg','bu1sc55i7nd3mi2dbt90','2020-10-12 02:57:25'),('bu1sc55i7nd3mi2dbtf0','bu1sc55i7nd3mi2dbt90','2020-10-12 02:57:25'),('bu1sc5di7nd3mi2dbtg0','bu1sc55i7nd3mi2dbtfg','2020-10-12 02:57:25'),('bu1sc5di7nd3mi2dbtgg','bu1sc55i7nd3mi2dbtfg','2020-10-12 02:57:25'),('bu1sc5di7nd3mi2dbth0','bu1sc55i7nd3mi2dbtfg','2020-10-12 02:57:25'),('bu1sc5di7nd3mi2dbthg','bu1sc55i7nd3mi2dbtfg','2020-10-12 02:57:25'),('bu1sc5di7nd3mi2dbti0','bu1sc55i7nd3mi2dbtfg','2020-10-12 02:57:25'),('bu1sc5di7nd3mi2dbtig','bu1sc55i7nd3mi2dbtfg','2020-10-12 02:57:25'),('bu1sc5di7nd3mi2dbtj0','bu1sc55i7nd3mi2dbtfg','2020-10-12 02:57:25'),('bu1sc5di7nd3mi2dbtjg','bu1sc55i7nd3mi2dbtfg','2020-10-12 02:57:25'),('bu1sc5di7nd3mi2dbtk0','bu1sc55i7nd3mi2dbtfg','2020-10-12 02:57:25'),('bu1sc5di7nd3mi2dbtkg','bu1sc55i7nd3mi2dbtfg','2020-10-12 02:57:25'),('bu1sc5di7nd3mi2dbtl0','bu1sc55i7nd3mi2dbtfg','2020-10-12 02:57:25'),('bu1sc5di7nd3mi2dbtlg','bu1sc55i7nd3mi2dbtfg','2020-10-12 02:57:25'),('bu1sc5di7nd3mi2dbtmg','bu1sc5di7nd3mi2dbtm0','2020-10-12 02:57:25'),('bu1sc5di7nd3mi2dbtn0','bu1sc5di7nd3mi2dbtm0','2020-10-12 02:57:25'),('bu1sc5di7nd3mi2dbtng','bu1sc5di7nd3mi2dbtm0','2020-10-12 02:57:25'),('bu1sc5di7nd3mi2dbto0','bu1sc5di7nd3mi2dbtm0','2020-10-12 02:57:25'),('bu1sc5di7nd3mi2dbtog','bu1sc5di7nd3mi2dbtm0','2020-10-12 02:57:25'),('bu1sc5di7nd3mi2dbtp0','bu1sc5di7nd3mi2dbtm0','2020-10-12 02:57:25'),('bu1sc5di7nd3mi2dbtpg','bu1sc5di7nd3mi2dbtm0','2020-10-12 02:57:25'),('bu1sc5di7nd3mi2dbtq0','bu1sc5di7nd3mi2dbtm0','2020-10-12 02:57:25'),('bu1sc5di7nd3mi2dbtqg','bu1sc5di7nd3mi2dbtm0','2020-10-12 02:57:25'),('bu1sc5di7nd3mi2dbtr0','bu1sc5di7nd3mi2dbtm0','2020-10-12 02:57:25'),('bu1sc5di7nd3mi2dbtrg','bu1sc5di7nd3mi2dbtm0','2020-10-12 02:57:25'),('bu1sc5di7nd3mi2dbts0','bu1sc5di7nd3mi2dbtm0','2020-10-12 02:57:25'),('bu1sc5di7nd3mi2dbtt0','bu1sc5di7nd3mi2dbtsg','2020-10-12 02:57:25'),('bu1sc5di7nd3mi2dbttg','bu1sc5di7nd3mi2dbtsg','2020-10-12 02:57:25'),('bu1sc5di7nd3mi2dbtu0','bu1sc5di7nd3mi2dbtsg','2020-10-12 02:57:25'),('bu1sc5di7nd3mi2dbtug','bu1sc5di7nd3mi2dbtsg','2020-10-12 02:57:25'),('bu1sc5di7nd3mi2dbtv0','bu1sc5di7nd3mi2dbtsg','2020-10-12 02:57:25'),('bu1sc5di7nd3mi2dbtvg','bu1sc5di7nd3mi2dbtsg','2020-10-12 02:57:25'),('bu1sc5di7nd3mi2dbu00','bu1sc5di7nd3mi2dbtsg','2020-10-12 02:57:25'),('bu1sc5di7nd3mi2dbu0g','bu1sc5di7nd3mi2dbtsg','2020-10-12 02:57:25'),('bu1sc5di7nd3mi2dbu10','bu1sc5di7nd3mi2dbtsg','2020-10-12 02:57:25'),('bu1sc5di7nd3mi2dbu1g','bu1sc5di7nd3mi2dbtsg','2020-10-12 02:57:25'),('bu1sc5di7nd3mi2dbu20','bu1sc5di7nd3mi2dbtsg','2020-10-12 02:57:25'),('bu1sc5di7nd3mi2dbu2g','bu1sc5di7nd3mi2dbtsg','2020-10-12 02:57:25'),('bu1sc5di7nd3mi2dbu3g','bu1sc5di7nd3mi2dbu30','2020-10-12 02:57:25'),('bu1sc5di7nd3mi2dbu40','bu1sc5di7nd3mi2dbu30','2020-10-12 02:57:25'),('bu1sc5di7nd3mi2dbu4g','bu1sc5di7nd3mi2dbu30','2020-10-12 02:57:25'),('bu1sc5di7nd3mi2dbu50','bu1sc5di7nd3mi2dbu30','2020-10-12 02:57:25'),('bu1sc5di7nd3mi2dbu5g','bu1sc5di7nd3mi2dbu30','2020-10-12 02:57:25'),('bu1sc5di7nd3mi2dbu60','bu1sc5di7nd3mi2dbu30','2020-10-12 02:57:25'),('bu1sc5di7nd3mi2dbu6g','bu1sc5di7nd3mi2dbu30','2020-10-12 02:57:25'),('bu1sc5di7nd3mi2dbu70','bu1sc5di7nd3mi2dbu30','2020-10-12 02:57:25'),('bu1sc5di7nd3mi2dbu7g','bu1sc5di7nd3mi2dbu30','2020-10-12 02:57:25'),('bu1sc5di7nd3mi2dbu80','bu1sc5di7nd3mi2dbu30','2020-10-12 02:57:25'),('bu1sc5di7nd3mi2dbu8g','bu1sc5di7nd3mi2dbu30','2020-10-12 02:57:25'),('bu1sc5di7nd3mi2dbu90','bu1sc5di7nd3mi2dbu30','2020-10-12 02:57:25'),('bu1sc5di7nd3mi2dbua0','bu1sc5di7nd3mi2dbu9g','2020-10-12 02:57:25'),('bu1sc5di7nd3mi2dbub0','bu1sc5di7nd3mi2dbuag','2020-10-12 02:57:25'),('bu1sc5di7nd3mi2dbuc0','bu1sc5di7nd3mi2dbubg','2020-10-12 02:57:25'),('bu1sc5di7nd3mi2dbud0','bu1sc5di7nd3mi2dbucg','2020-10-12 02:57:25'),('bu1sc5di7nd3mi2dbue0','bu1sc5di7nd3mi2dbudg','2020-10-12 02:57:25'),('bu1sc5di7nd3mi2dbuf0','bu1sc5di7nd3mi2dbueg','2020-10-12 02:57:25'),('bu1sc5di7nd3mi2dbug0','bu1sc5di7nd3mi2dbufg','2020-10-12 02:57:25'),('bu1sc5di7nd3mi2dbuh0','bu1sc5di7nd3mi2dbugg','2020-10-12 02:57:25'),('bu1sc5di7nd3mi2dbui0','bu1sc5di7nd3mi2dbuhg','2020-10-12 02:57:25'),('bu1sc5di7nd3mi2dbuj0','bu1sc5di7nd3mi2dbuig','2020-10-12 02:57:25'),('bu1sc7ti7nd28g415e2g','bu1sc7ti7nd28g415e20','2020-10-12 02:57:35'),('bu1sc7ti7nd28g415e30','bu1sc7ti7nd28g415e20','2020-10-12 02:57:35'),('bu1sc7ti7nd28g415e3g','bu1sc7ti7nd28g415e20','2020-10-12 02:57:35'),('bu1sc7ti7nd28g415e40','bu1sc7ti7nd28g415e20','2020-10-12 02:57:35'),('bu1sc7ti7nd28g415e4g','bu1sc7ti7nd28g415e20','2020-10-12 02:57:35'),('bu1sc7ti7nd28g415e50','bu1sc7ti7nd28g415e20','2020-10-12 02:57:35'),('bu1sc7ti7nd28g415e5g','bu1sc7ti7nd28g415e20','2020-10-12 02:57:35'),('bu1sc7ti7nd28g415e60','bu1sc7ti7nd28g415e20','2020-10-12 02:57:35'),('bu1sc7ti7nd28g415e6g','bu1sc7ti7nd28g415e20','2020-10-12 02:57:35'),('bu1sc7ti7nd28g415e70','bu1sc7ti7nd28g415e20','2020-10-12 02:57:35'),('bu1sc7ti7nd28g415e7g','bu1sc7ti7nd28g415e20','2020-10-12 02:57:35'),('bu1sc7ti7nd28g415e80','bu1sc7ti7nd28g415e20','2020-10-12 02:57:35'),('bu1sc7ti7nd28g415e90','bu1sc7ti7nd28g415e8g','2020-10-12 02:57:35'),('bu1sc7ti7nd28g415e9g','bu1sc7ti7nd28g415e8g','2020-10-12 02:57:36'),('bu1sc7ti7nd28g415ea0','bu1sc7ti7nd28g415e8g','2020-10-12 02:57:36'),('bu1sc7ti7nd28g415eag','bu1sc7ti7nd28g415e8g','2020-10-12 02:57:36'),('bu1sc7ti7nd28g415eb0','bu1sc7ti7nd28g415e8g','2020-10-12 02:57:36'),('bu1sc7ti7nd28g415ebg','bu1sc7ti7nd28g415e8g','2020-10-12 02:57:36'),('bu1sc7ti7nd28g415ec0','bu1sc7ti7nd28g415e8g','2020-10-12 02:57:36'),('bu1sc7ti7nd28g415ecg','bu1sc7ti7nd28g415e8g','2020-10-12 02:57:36'),('bu1sc7ti7nd28g415ed0','bu1sc7ti7nd28g415e8g','2020-10-12 02:57:36'),('bu1sc7ti7nd28g415edg','bu1sc7ti7nd28g415e8g','2020-10-12 02:57:36'),('bu1sc7ti7nd28g415ee0','bu1sc7ti7nd28g415e8g','2020-10-12 02:57:36'),('bu1sc7ti7nd28g415eeg','bu1sc7ti7nd28g415e8g','2020-10-12 02:57:36'),('bu1sc7ti7nd28g415efg','bu1sc7ti7nd28g415ef0','2020-10-12 02:57:36'),('bu1sc7ti7nd28g415eg0','bu1sc7ti7nd28g415ef0','2020-10-12 02:57:36'),('bu1sc7ti7nd28g415egg','bu1sc7ti7nd28g415ef0','2020-10-12 02:57:36'),('bu1sc7ti7nd28g415eh0','bu1sc7ti7nd28g415ef0','2020-10-12 02:57:36'),('bu1sc7ti7nd28g415ehg','bu1sc7ti7nd28g415ef0','2020-10-12 02:57:36'),('bu1sc7ti7nd28g415ei0','bu1sc7ti7nd28g415ef0','2020-10-12 02:57:36'),('bu1sc7ti7nd28g415eig','bu1sc7ti7nd28g415ef0','2020-10-12 02:57:36'),('bu1sc7ti7nd28g415ej0','bu1sc7ti7nd28g415ef0','2020-10-12 02:57:36'),('bu1sc7ti7nd28g415ejg','bu1sc7ti7nd28g415ef0','2020-10-12 02:57:36'),('bu1sc7ti7nd28g415ek0','bu1sc7ti7nd28g415ef0','2020-10-12 02:57:36'),('bu1sc7ti7nd28g415ekg','bu1sc7ti7nd28g415ef0','2020-10-12 02:57:36'),('bu1sc7ti7nd28g415el0','bu1sc7ti7nd28g415ef0','2020-10-12 02:57:36'),('bu1sc7ti7nd28g415em0','bu1sc7ti7nd28g415elg','2020-10-12 02:57:36'),('bu1sc7ti7nd28g415emg','bu1sc7ti7nd28g415elg','2020-10-12 02:57:36'),('bu1sc7ti7nd28g415en0','bu1sc7ti7nd28g415elg','2020-10-12 02:57:36'),('bu1sc7ti7nd28g415eng','bu1sc7ti7nd28g415elg','2020-10-12 02:57:36'),('bu1sc7ti7nd28g415eo0','bu1sc7ti7nd28g415elg','2020-10-12 02:57:36'),('bu1sc7ti7nd28g415eog','bu1sc7ti7nd28g415elg','2020-10-12 02:57:36'),('bu1sc7ti7nd28g415ep0','bu1sc7ti7nd28g415elg','2020-10-12 02:57:36'),('bu1sc7ti7nd28g415epg','bu1sc7ti7nd28g415elg','2020-10-12 02:57:36'),('bu1sc7ti7nd28g415eq0','bu1sc7ti7nd28g415elg','2020-10-12 02:57:36'),('bu1sc7ti7nd28g415eqg','bu1sc7ti7nd28g415elg','2020-10-12 02:57:36'),('bu1sc7ti7nd28g415er0','bu1sc7ti7nd28g415elg','2020-10-12 02:57:36'),('bu1sc7ti7nd28g415erg','bu1sc7ti7nd28g415elg','2020-10-12 02:57:36'),('bu1sc7ti7nd28g415esg','bu1sc7ti7nd28g415es0','2020-10-12 02:57:36'),('bu1sc7ti7nd28g415et0','bu1sc7ti7nd28g415es0','2020-10-12 02:57:36'),('bu1sc7ti7nd28g415etg','bu1sc7ti7nd28g415es0','2020-10-12 02:57:36'),('bu1sc7ti7nd28g415eu0','bu1sc7ti7nd28g415es0','2020-10-12 02:57:36'),('bu1sc7ti7nd28g415eug','bu1sc7ti7nd28g415es0','2020-10-12 02:57:36'),('bu1sc7ti7nd28g415ev0','bu1sc7ti7nd28g415es0','2020-10-12 02:57:36'),('bu1sc7ti7nd28g415evg','bu1sc7ti7nd28g415es0','2020-10-12 02:57:36'),('bu1sc7ti7nd28g415f00','bu1sc7ti7nd28g415es0','2020-10-12 02:57:36'),('bu1sc7ti7nd28g415f0g','bu1sc7ti7nd28g415es0','2020-10-12 02:57:36'),('bu1sc7ti7nd28g415f10','bu1sc7ti7nd28g415es0','2020-10-12 02:57:36'),('bu1sc7ti7nd28g415f1g','bu1sc7ti7nd28g415es0','2020-10-12 02:57:36'),('bu1sc7ti7nd28g415f20','bu1sc7ti7nd28g415es0','2020-10-12 02:57:36'),('bu1sc7ti7nd28g415f30','bu1sc7ti7nd28g415f2g','2020-10-12 02:57:36'),('bu1sc7ti7nd28g415f3g','bu1sc7ti7nd28g415f2g','2020-10-12 02:57:36'),('bu1sc7ti7nd28g415f40','bu1sc7ti7nd28g415f2g','2020-10-12 02:57:36'),('bu1sc7ti7nd28g415f4g','bu1sc7ti7nd28g415f2g','2020-10-12 02:57:36'),('bu1sc7ti7nd28g415f50','bu1sc7ti7nd28g415f2g','2020-10-12 02:57:36'),('bu1sc7ti7nd28g415f5g','bu1sc7ti7nd28g415f2g','2020-10-12 02:57:36'),('bu1sc7ti7nd28g415f60','bu1sc7ti7nd28g415f2g','2020-10-12 02:57:36'),('bu1sc7ti7nd28g415f6g','bu1sc7ti7nd28g415f2g','2020-10-12 02:57:36'),('bu1sc7ti7nd28g415f70','bu1sc7ti7nd28g415f2g','2020-10-12 02:57:36'),('bu1sc7ti7nd28g415f7g','bu1sc7ti7nd28g415f2g','2020-10-12 02:57:36'),('bu1sc7ti7nd28g415f80','bu1sc7ti7nd28g415f2g','2020-10-12 02:57:36'),('bu1sc7ti7nd28g415f8g','bu1sc7ti7nd28g415f2g','2020-10-12 02:57:36'),('bu1sc7ti7nd28g415f9g','bu1sc7ti7nd28g415f90','2020-10-12 02:57:36'),('bu1sc7ti7nd28g415fa0','bu1sc7ti7nd28g415f90','2020-10-12 02:57:36'),('bu1sc7ti7nd28g415fag','bu1sc7ti7nd28g415f90','2020-10-12 02:57:36'),('bu1sc7ti7nd28g415fb0','bu1sc7ti7nd28g415f90','2020-10-12 02:57:36'),('bu1sc7ti7nd28g415fbg','bu1sc7ti7nd28g415f90','2020-10-12 02:57:36'),('bu1sc7ti7nd28g415fc0','bu1sc7ti7nd28g415f90','2020-10-12 02:57:36'),('bu1sc7ti7nd28g415fcg','bu1sc7ti7nd28g415f90','2020-10-12 02:57:36'),('bu1sc7ti7nd28g415fd0','bu1sc7ti7nd28g415f90','2020-10-12 02:57:36'),('bu1sc7ti7nd28g415fdg','bu1sc7ti7nd28g415f90','2020-10-12 02:57:36'),('bu1sc7ti7nd28g415fe0','bu1sc7ti7nd28g415f90','2020-10-12 02:57:36'),('bu1sc7ti7nd28g415feg','bu1sc7ti7nd28g415f90','2020-10-12 02:57:36'),('bu1sc7ti7nd28g415ff0','bu1sc7ti7nd28g415f90','2020-10-12 02:57:36'),('bu1sc7ti7nd28g415fg0','bu1sc7ti7nd28g415ffg','2020-10-12 02:57:36'),('bu1sc7ti7nd28g415fgg','bu1sc7ti7nd28g415ffg','2020-10-12 02:57:36'),('bu1sc7ti7nd28g415fh0','bu1sc7ti7nd28g415ffg','2020-10-12 02:57:36'),('bu1sc7ti7nd28g415fhg','bu1sc7ti7nd28g415ffg','2020-10-12 02:57:36'),('bu1sc7ti7nd28g415fi0','bu1sc7ti7nd28g415ffg','2020-10-12 02:57:36'),('bu1sc7ti7nd28g415fig','bu1sc7ti7nd28g415ffg','2020-10-12 02:57:36'),('bu1sc7ti7nd28g415fj0','bu1sc7ti7nd28g415ffg','2020-10-12 02:57:36'),('bu1sc7ti7nd28g415fjg','bu1sc7ti7nd28g415ffg','2020-10-12 02:57:36'),('bu1sc7ti7nd28g415fk0','bu1sc7ti7nd28g415ffg','2020-10-12 02:57:36'),('bu1sc7ti7nd28g415fkg','bu1sc7ti7nd28g415ffg','2020-10-12 02:57:36'),('bu1sc85i7nd28g415fl0','bu1sc7ti7nd28g415ffg','2020-10-12 02:57:36'),('bu1sc85i7nd28g415flg','bu1sc7ti7nd28g415ffg','2020-10-12 02:57:36'),('bu1sc85i7nd28g415fmg','bu1sc85i7nd28g415fm0','2020-10-12 02:57:36'),('bu1sc85i7nd28g415fn0','bu1sc85i7nd28g415fm0','2020-10-12 02:57:36'),('bu1sc85i7nd28g415fng','bu1sc85i7nd28g415fm0','2020-10-12 02:57:36'),('bu1sc85i7nd28g415fo0','bu1sc85i7nd28g415fm0','2020-10-12 02:57:36'),('bu1sc85i7nd28g415fog','bu1sc85i7nd28g415fm0','2020-10-12 02:57:36'),('bu1sc85i7nd28g415fp0','bu1sc85i7nd28g415fm0','2020-10-12 02:57:36'),('bu1sc85i7nd28g415fpg','bu1sc85i7nd28g415fm0','2020-10-12 02:57:36'),('bu1sc85i7nd28g415fq0','bu1sc85i7nd28g415fm0','2020-10-12 02:57:36'),('bu1sc85i7nd28g415fqg','bu1sc85i7nd28g415fm0','2020-10-12 02:57:36'),('bu1sc85i7nd28g415fr0','bu1sc85i7nd28g415fm0','2020-10-12 02:57:36'),('bu1sc85i7nd28g415frg','bu1sc85i7nd28g415fm0','2020-10-12 02:57:36'),('bu1sc85i7nd28g415fs0','bu1sc85i7nd28g415fm0','2020-10-12 02:57:36'),('bu1sc85i7nd28g415ft0','bu1sc85i7nd28g415fsg','2020-10-12 02:57:36'),('bu1sc85i7nd28g415ftg','bu1sc85i7nd28g415fsg','2020-10-12 02:57:36'),('bu1sc85i7nd28g415fu0','bu1sc85i7nd28g415fsg','2020-10-12 02:57:36'),('bu1sc85i7nd28g415fug','bu1sc85i7nd28g415fsg','2020-10-12 02:57:36'),('bu1sc85i7nd28g415fv0','bu1sc85i7nd28g415fsg','2020-10-12 02:57:36'),('bu1sc85i7nd28g415fvg','bu1sc85i7nd28g415fsg','2020-10-12 02:57:36'),('bu1sc85i7nd28g415g00','bu1sc85i7nd28g415fsg','2020-10-12 02:57:36'),('bu1sc85i7nd28g415g0g','bu1sc85i7nd28g415fsg','2020-10-12 02:57:36'),('bu1sc85i7nd28g415g10','bu1sc85i7nd28g415fsg','2020-10-12 02:57:36'),('bu1sc85i7nd28g415g1g','bu1sc85i7nd28g415fsg','2020-10-12 02:57:36'),('bu1sc85i7nd28g415g20','bu1sc85i7nd28g415fsg','2020-10-12 02:57:36'),('bu1sc85i7nd28g415g2g','bu1sc85i7nd28g415fsg','2020-10-12 02:57:36'),('bu1sc85i7nd28g415g3g','bu1sc85i7nd28g415g30','2020-10-12 02:57:36'),('bu1sc85i7nd28g415g4g','bu1sc85i7nd28g415g40','2020-10-12 02:57:36'),('bu1sc85i7nd28g415g5g','bu1sc85i7nd28g415g50','2020-10-12 02:57:36'),('bu1sc85i7nd28g415g6g','bu1sc85i7nd28g415g60','2020-10-12 02:57:36'),('bu1sc85i7nd28g415g7g','bu1sc85i7nd28g415g70','2020-10-12 02:57:36'),('bu1sc85i7nd28g415g8g','bu1sc85i7nd28g415g80','2020-10-12 02:57:36'),('bu1sc85i7nd28g415g9g','bu1sc85i7nd28g415g90','2020-10-12 02:57:36'),('bu1sc85i7nd28g415gag','bu1sc85i7nd28g415ga0','2020-10-12 02:57:36'),('bu1sc85i7nd28g415gbg','bu1sc85i7nd28g415gb0','2020-10-12 02:57:36'),('bu1sc85i7nd28g415gcg','bu1sc85i7nd28g415gc0','2020-10-12 02:57:36'),('bu1sc9li7nd4r54i02ag','bu1sc9li7nd4r54i02a0','2020-10-12 02:57:42'),('bu1sc9li7nd4r54i02b0','bu1sc9li7nd4r54i02a0','2020-10-12 02:57:42'),('bu1sc9li7nd4r54i02bg','bu1sc9li7nd4r54i02a0','2020-10-12 02:57:42'),('bu1sc9li7nd4r54i02c0','bu1sc9li7nd4r54i02a0','2020-10-12 02:57:42'),('bu1sc9li7nd4r54i02cg','bu1sc9li7nd4r54i02a0','2020-10-12 02:57:42'),('bu1sc9li7nd4r54i02d0','bu1sc9li7nd4r54i02a0','2020-10-12 02:57:42'),('bu1sc9li7nd4r54i02dg','bu1sc9li7nd4r54i02a0','2020-10-12 02:57:42'),('bu1sc9li7nd4r54i02e0','bu1sc9li7nd4r54i02a0','2020-10-12 02:57:42'),('bu1sc9li7nd4r54i02eg','bu1sc9li7nd4r54i02a0','2020-10-12 02:57:42'),('bu1sc9li7nd4r54i02f0','bu1sc9li7nd4r54i02a0','2020-10-12 02:57:42'),('bu1sc9li7nd4r54i02fg','bu1sc9li7nd4r54i02a0','2020-10-12 02:57:42'),('bu1sc9li7nd4r54i02g0','bu1sc9li7nd4r54i02a0','2020-10-12 02:57:42'),('bu1sc9li7nd4r54i02h0','bu1sc9li7nd4r54i02gg','2020-10-12 02:57:42'),('bu1sc9li7nd4r54i02hg','bu1sc9li7nd4r54i02gg','2020-10-12 02:57:42'),('bu1sc9li7nd4r54i02i0','bu1sc9li7nd4r54i02gg','2020-10-12 02:57:42'),('bu1sc9li7nd4r54i02ig','bu1sc9li7nd4r54i02gg','2020-10-12 02:57:42'),('bu1sc9li7nd4r54i02j0','bu1sc9li7nd4r54i02gg','2020-10-12 02:57:42'),('bu1sc9li7nd4r54i02jg','bu1sc9li7nd4r54i02gg','2020-10-12 02:57:42'),('bu1sc9li7nd4r54i02k0','bu1sc9li7nd4r54i02gg','2020-10-12 02:57:42'),('bu1sc9li7nd4r54i02kg','bu1sc9li7nd4r54i02gg','2020-10-12 02:57:42'),('bu1sc9li7nd4r54i02l0','bu1sc9li7nd4r54i02gg','2020-10-12 02:57:42'),('bu1sc9li7nd4r54i02lg','bu1sc9li7nd4r54i02gg','2020-10-12 02:57:42'),('bu1sc9li7nd4r54i02m0','bu1sc9li7nd4r54i02gg','2020-10-12 02:57:42'),('bu1sc9li7nd4r54i02mg','bu1sc9li7nd4r54i02gg','2020-10-12 02:57:42'),('bu1sc9li7nd4r54i02ng','bu1sc9li7nd4r54i02n0','2020-10-12 02:57:42'),('bu1sc9li7nd4r54i02o0','bu1sc9li7nd4r54i02n0','2020-10-12 02:57:42'),('bu1sc9li7nd4r54i02og','bu1sc9li7nd4r54i02n0','2020-10-12 02:57:42'),('bu1sc9li7nd4r54i02p0','bu1sc9li7nd4r54i02n0','2020-10-12 02:57:42'),('bu1sc9li7nd4r54i02pg','bu1sc9li7nd4r54i02n0','2020-10-12 02:57:42'),('bu1sc9li7nd4r54i02q0','bu1sc9li7nd4r54i02n0','2020-10-12 02:57:42'),('bu1sc9li7nd4r54i02qg','bu1sc9li7nd4r54i02n0','2020-10-12 02:57:42'),('bu1sc9li7nd4r54i02r0','bu1sc9li7nd4r54i02n0','2020-10-12 02:57:42'),('bu1sc9li7nd4r54i02rg','bu1sc9li7nd4r54i02n0','2020-10-12 02:57:42'),('bu1sc9li7nd4r54i02s0','bu1sc9li7nd4r54i02n0','2020-10-12 02:57:42'),('bu1sc9li7nd4r54i02sg','bu1sc9li7nd4r54i02n0','2020-10-12 02:57:42'),('bu1sc9li7nd4r54i02t0','bu1sc9li7nd4r54i02n0','2020-10-12 02:57:42'),('bu1sc9li7nd4r54i02u0','bu1sc9li7nd4r54i02tg','2020-10-12 02:57:42'),('bu1sc9li7nd4r54i02ug','bu1sc9li7nd4r54i02tg','2020-10-12 02:57:42'),('bu1sc9li7nd4r54i02v0','bu1sc9li7nd4r54i02tg','2020-10-12 02:57:42'),('bu1sc9li7nd4r54i02vg','bu1sc9li7nd4r54i02tg','2020-10-12 02:57:42'),('bu1sc9li7nd4r54i0300','bu1sc9li7nd4r54i02tg','2020-10-12 02:57:42'),('bu1sc9li7nd4r54i030g','bu1sc9li7nd4r54i02tg','2020-10-12 02:57:42'),('bu1sc9li7nd4r54i0310','bu1sc9li7nd4r54i02tg','2020-10-12 02:57:42'),('bu1sc9li7nd4r54i031g','bu1sc9li7nd4r54i02tg','2020-10-12 02:57:42'),('bu1sc9li7nd4r54i0320','bu1sc9li7nd4r54i02tg','2020-10-12 02:57:42'),('bu1sc9li7nd4r54i032g','bu1sc9li7nd4r54i02tg','2020-10-12 02:57:42'),('bu1sc9li7nd4r54i0330','bu1sc9li7nd4r54i02tg','2020-10-12 02:57:42'),('bu1sc9li7nd4r54i033g','bu1sc9li7nd4r54i02tg','2020-10-12 02:57:42'),('bu1sc9li7nd4r54i034g','bu1sc9li7nd4r54i0340','2020-10-12 02:57:42'),('bu1sc9li7nd4r54i0350','bu1sc9li7nd4r54i0340','2020-10-12 02:57:42'),('bu1sc9li7nd4r54i035g','bu1sc9li7nd4r54i0340','2020-10-12 02:57:42'),('bu1sc9li7nd4r54i0360','bu1sc9li7nd4r54i0340','2020-10-12 02:57:42'),('bu1sc9li7nd4r54i036g','bu1sc9li7nd4r54i0340','2020-10-12 02:57:42'),('bu1sc9li7nd4r54i0370','bu1sc9li7nd4r54i0340','2020-10-12 02:57:42'),('bu1sc9li7nd4r54i037g','bu1sc9li7nd4r54i0340','2020-10-12 02:57:43'),('bu1sc9li7nd4r54i0380','bu1sc9li7nd4r54i0340','2020-10-12 02:57:43'),('bu1sc9li7nd4r54i038g','bu1sc9li7nd4r54i0340','2020-10-12 02:57:43'),('bu1sc9li7nd4r54i0390','bu1sc9li7nd4r54i0340','2020-10-12 02:57:43'),('bu1sc9li7nd4r54i039g','bu1sc9li7nd4r54i0340','2020-10-12 02:57:43'),('bu1sc9li7nd4r54i03a0','bu1sc9li7nd4r54i0340','2020-10-12 02:57:43'),('bu1sc9li7nd4r54i03b0','bu1sc9li7nd4r54i03ag','2020-10-12 02:57:43'),('bu1sc9li7nd4r54i03bg','bu1sc9li7nd4r54i03ag','2020-10-12 02:57:43'),('bu1sc9li7nd4r54i03c0','bu1sc9li7nd4r54i03ag','2020-10-12 02:57:43'),('bu1sc9li7nd4r54i03cg','bu1sc9li7nd4r54i03ag','2020-10-12 02:57:43'),('bu1sc9li7nd4r54i03d0','bu1sc9li7nd4r54i03ag','2020-10-12 02:57:43'),('bu1sc9li7nd4r54i03dg','bu1sc9li7nd4r54i03ag','2020-10-12 02:57:43'),('bu1sc9li7nd4r54i03e0','bu1sc9li7nd4r54i03ag','2020-10-12 02:57:43'),('bu1sc9li7nd4r54i03eg','bu1sc9li7nd4r54i03ag','2020-10-12 02:57:43'),('bu1sc9li7nd4r54i03f0','bu1sc9li7nd4r54i03ag','2020-10-12 02:57:43'),('bu1sc9li7nd4r54i03fg','bu1sc9li7nd4r54i03ag','2020-10-12 02:57:43'),('bu1sc9li7nd4r54i03g0','bu1sc9li7nd4r54i03ag','2020-10-12 02:57:43'),('bu1sc9li7nd4r54i03gg','bu1sc9li7nd4r54i03ag','2020-10-12 02:57:43'),('bu1sc9li7nd4r54i03hg','bu1sc9li7nd4r54i03h0','2020-10-12 02:57:43'),('bu1sc9li7nd4r54i03i0','bu1sc9li7nd4r54i03h0','2020-10-12 02:57:43'),('bu1sc9li7nd4r54i03ig','bu1sc9li7nd4r54i03h0','2020-10-12 02:57:43'),('bu1sc9li7nd4r54i03j0','bu1sc9li7nd4r54i03h0','2020-10-12 02:57:43'),('bu1sc9li7nd4r54i03jg','bu1sc9li7nd4r54i03h0','2020-10-12 02:57:43'),('bu1sc9li7nd4r54i03k0','bu1sc9li7nd4r54i03h0','2020-10-12 02:57:43'),('bu1sc9li7nd4r54i03kg','bu1sc9li7nd4r54i03h0','2020-10-12 02:57:43'),('bu1sc9li7nd4r54i03l0','bu1sc9li7nd4r54i03h0','2020-10-12 02:57:43'),('bu1sc9li7nd4r54i03lg','bu1sc9li7nd4r54i03h0','2020-10-12 02:57:43'),('bu1sc9li7nd4r54i03m0','bu1sc9li7nd4r54i03h0','2020-10-12 02:57:43'),('bu1sc9li7nd4r54i03mg','bu1sc9li7nd4r54i03h0','2020-10-12 02:57:43'),('bu1sc9li7nd4r54i03n0','bu1sc9li7nd4r54i03h0','2020-10-12 02:57:43'),('bu1sc9li7nd4r54i03o0','bu1sc9li7nd4r54i03ng','2020-10-12 02:57:43'),('bu1sc9li7nd4r54i03og','bu1sc9li7nd4r54i03ng','2020-10-12 02:57:43'),('bu1sc9li7nd4r54i03p0','bu1sc9li7nd4r54i03ng','2020-10-12 02:57:43'),('bu1sc9li7nd4r54i03pg','bu1sc9li7nd4r54i03ng','2020-10-12 02:57:43'),('bu1sc9li7nd4r54i03q0','bu1sc9li7nd4r54i03ng','2020-10-12 02:57:43'),('bu1sc9li7nd4r54i03qg','bu1sc9li7nd4r54i03ng','2020-10-12 02:57:43'),('bu1sc9li7nd4r54i03r0','bu1sc9li7nd4r54i03ng','2020-10-12 02:57:43'),('bu1sc9li7nd4r54i03rg','bu1sc9li7nd4r54i03ng','2020-10-12 02:57:43'),('bu1sc9li7nd4r54i03s0','bu1sc9li7nd4r54i03ng','2020-10-12 02:57:43'),('bu1sc9li7nd4r54i03sg','bu1sc9li7nd4r54i03ng','2020-10-12 02:57:43'),('bu1sc9li7nd4r54i03t0','bu1sc9li7nd4r54i03ng','2020-10-12 02:57:43'),('bu1sc9li7nd4r54i03tg','bu1sc9li7nd4r54i03ng','2020-10-12 02:57:43'),('bu1sc9li7nd4r54i03ug','bu1sc9li7nd4r54i03u0','2020-10-12 02:57:43'),('bu1sc9li7nd4r54i03v0','bu1sc9li7nd4r54i03u0','2020-10-12 02:57:43'),('bu1sc9li7nd4r54i03vg','bu1sc9li7nd4r54i03u0','2020-10-12 02:57:43'),('bu1sc9li7nd4r54i0400','bu1sc9li7nd4r54i03u0','2020-10-12 02:57:43'),('bu1sc9li7nd4r54i040g','bu1sc9li7nd4r54i03u0','2020-10-12 02:57:43'),('bu1sc9li7nd4r54i0410','bu1sc9li7nd4r54i03u0','2020-10-12 02:57:43'),('bu1sc9li7nd4r54i041g','bu1sc9li7nd4r54i03u0','2020-10-12 02:57:43'),('bu1sc9li7nd4r54i0420','bu1sc9li7nd4r54i03u0','2020-10-12 02:57:43'),('bu1sc9li7nd4r54i042g','bu1sc9li7nd4r54i03u0','2020-10-12 02:57:43'),('bu1sc9li7nd4r54i0430','bu1sc9li7nd4r54i03u0','2020-10-12 02:57:43'),('bu1sc9li7nd4r54i043g','bu1sc9li7nd4r54i03u0','2020-10-12 02:57:43'),('bu1sc9li7nd4r54i0440','bu1sc9li7nd4r54i03u0','2020-10-12 02:57:43'),('bu1sc9li7nd4r54i0450','bu1sc9li7nd4r54i044g','2020-10-12 02:57:43'),('bu1sc9li7nd4r54i045g','bu1sc9li7nd4r54i044g','2020-10-12 02:57:43'),('bu1sc9li7nd4r54i0460','bu1sc9li7nd4r54i044g','2020-10-12 02:57:43'),('bu1sc9li7nd4r54i046g','bu1sc9li7nd4r54i044g','2020-10-12 02:57:43'),('bu1sc9li7nd4r54i0470','bu1sc9li7nd4r54i044g','2020-10-12 02:57:43'),('bu1sc9li7nd4r54i047g','bu1sc9li7nd4r54i044g','2020-10-12 02:57:43'),('bu1sc9li7nd4r54i0480','bu1sc9li7nd4r54i044g','2020-10-12 02:57:43'),('bu1sc9li7nd4r54i048g','bu1sc9li7nd4r54i044g','2020-10-12 02:57:43'),('bu1sc9li7nd4r54i0490','bu1sc9li7nd4r54i044g','2020-10-12 02:57:43'),('bu1sc9li7nd4r54i049g','bu1sc9li7nd4r54i044g','2020-10-12 02:57:43'),('bu1sc9li7nd4r54i04a0','bu1sc9li7nd4r54i044g','2020-10-12 02:57:43'),('bu1sc9ti7nd4r54i04ag','bu1sc9li7nd4r54i044g','2020-10-12 02:57:43'),('bu1sc9ti7nd4r54i04bg','bu1sc9ti7nd4r54i04b0','2020-10-12 02:57:43'),('bu1sc9ti7nd4r54i04cg','bu1sc9ti7nd4r54i04c0','2020-10-12 02:57:43'),('bu1sc9ti7nd4r54i04dg','bu1sc9ti7nd4r54i04d0','2020-10-12 02:57:43'),('bu1sc9ti7nd4r54i04eg','bu1sc9ti7nd4r54i04e0','2020-10-12 02:57:43'),('bu1sc9ti7nd4r54i04fg','bu1sc9ti7nd4r54i04f0','2020-10-12 02:57:43'),('bu1sc9ti7nd4r54i04gg','bu1sc9ti7nd4r54i04g0','2020-10-12 02:57:43'),('bu1sc9ti7nd4r54i04hg','bu1sc9ti7nd4r54i04h0','2020-10-12 02:57:43'),('bu1sc9ti7nd4r54i04ig','bu1sc9ti7nd4r54i04i0','2020-10-12 02:57:43'),('bu1sc9ti7nd4r54i04jg','bu1sc9ti7nd4r54i04j0','2020-10-12 02:57:43'),('bu1sc9ti7nd4r54i04kg','bu1sc9ti7nd4r54i04k0','2020-10-12 02:57:43');
/*!40000 ALTER TABLE `sessions` ENABLE KEYS */;
UNLOCK TABLES;
/*!40103 SET TIME_ZONE=@OLD_TIME_ZONE */;

/*!40101 SET SQL_MODE=@OLD_SQL_MODE */;
/*!40014 SET FOREIGN_KEY_CHECKS=@OLD_FOREIGN_KEY_CHECKS */;
/*!40014 SET UNIQUE_CHECKS=@OLD_UNIQUE_CHECKS */;
/*!40101 SET CHARACTER_SET_CLIENT=@OLD_CHARACTER_SET_CLIENT */;
/*!40101 SET CHARACTER_SET_RESULTS=@OLD_CHARACTER_SET_RESULTS */;
/*!40101 SET COLLATION_CONNECTION=@OLD_COLLATION_CONNECTION */;
/*!40111 SET SQL_NOTES=@OLD_SQL_NOTES */;

-- Dump completed on 2020-10-12  0:01:02
